Workbook

Sheet fonds
A1: md5 | B1: fondsid | C1: atom:id | D1: unittile | E1: from | F1: to | G1: papals_text | H1: papals_cv
A2: AT-ATF/9422807890ecf0d2df38a5f81699b08f | B2: AT-ATF/TirolOFM | C2: tag:www.monasterium.net,2011:/fond/AT-ATF/TirolOFM | D2: Tiroler Franziskanerprovinz (1229-1970) | E2: =VLOOKUP($B2, temporalBoundaries!$A:$G, 6, 0) -> 12290220 | F2: =VLOOKUP($B2, temporalBoundaries!$A:$G, 7, 0) -> 19700409
A3: AT-AWMK/730db1bb5405e6e10c3fddc5e85baa21 | B3: AT-AWMK/WienOFMConv | C3: tag:www.monasterium.net,2011:/fond/AT-AWMK/WienOFMConv | D3: Urkunden Wien (1243-1765) | E3: =VLOOKUP($B3,temporalBoundaries!$A:$G,6,0) -> 12430629 | F3: =VLOOKUP($B3,temporalBoundaries!$A:$G,7,0) -> 17650422 | G3: 63
A4: AT-AWMK/838ec3d67f2b61a38108db5991a1a199 | B4: AT-AWMK/NeunkirchenOFMConv | C4: tag:www.monasterium.net,2011:/fond/AT-AWMK/NeunkirchenOFMConv | D4: Urkunden Neukirchen (1368-1830) | E4: =VLOOKUP($B4,temporalBoundaries!$A:$G,6,0) -> 13681213 | F4: =VLOOKUP($B4,temporalBoundaries!$A:$G,7,0) -> 18309999
A5: AT-AWMK/efcd58a04c971d71ae20524c11cefe16 | B5: AT-AWMK/AsparnOFMConv | C5: tag:www.monasterium.net,2011:/fond/AT-AWMK/AsparnOFMConv | D5: Urkunden Asparn (1471-1767) | E5: =VLOOKUP($B5,temporalBoundaries!$A:$G,6,0) -> 14711127 | F5: =VLOOKUP($B5,temporalBoundaries!$A:$G,7,0) -> 17670520 | G5: 25
A6: AT-HHStA/005e12399a92512465952936e23c20f5 | B6: AT-HHStA/WienStLaurCanReg | C6: tag:www.monasterium.net,2011:/fond/AT-HHStA/WienStLaurCanReg | D6: Wien, St. Laurenz - Augustiner-Chorfrauen | E6: =VLOOKUP($B6,temporalBoundaries!$A:$G,6,0) -> 13161021 | F6: =VLOOKUP($B6,temporalBoundaries!$A:$G,7,0) -> 17820622
A7: AT-HHStA/04fd7de1af923d15458329ed4d5983e6 | B7: AT-HHStA/WiltenOPraem | C7: tag:www.monasterium.net,2011:/fond/AT-HHStA/WiltenOPraem | D7: Wilten, Prämonstratenser (1180-1488) | E7: =VLOOKUP($B7,temporalBoundaries!$A:$G,6,0) -> 11881214 | F7: =VLOOKUP($B7,temporalBoundaries!$A:$G,7,0) -> 14880117
A8: AT-HHStA/0578bae529517424bc4dacc480d747cb | B8: AT-HHStA/SeckauCanReg | C8: tag:www.monasterium.net,2011:/fond/AT-HHStA/SeckauCanReg | D8: Seckau, Augustiner-Chorherren (1170-1489) | E8: =VLOOKUP($B8,temporalBoundaries!$A:$G,6,0) -> 11711231 | F8: =VLOOKUP($B8,temporalBoundaries!$A:$G,7,0) -> 14890721
A9: AT-HHStA/07e705c7f8fcc94f98cdf7192aea86d5 | B9: AT-HHStA/EbersbergOSB | C9: tag:www.monasterium.net,2011:/fond/AT-HHStA/EbersbergOSB | D9: Ebersberg, Benediktiner (1247-1481) | E9: =VLOOKUP($B9,temporalBoundaries!$A:$G,6,0) -> 12479999 | F9: =VLOOKUP($B9,temporalBoundaries!$A:$G,7,0) -> 14181011
A10: AT-HHStA/0bc40b0184ca385dcc9f0a320889a6d2 | B10: AT-HHStA/AltenburgOSB | C10: tag:www.monasterium.net,2011:/fond/AT-HHStA/AltenburgOSB | D10: Altenburg, Benediktiner (1144-1943) | E10: =VLOOKUP($B10, temporalBoundaries!$A:$G, 6, 0) -> 12820905 | F10: =VLOOKUP($B10, temporalBoundaries!$A:$G, 7, 0) -> 13400424
A11: AT-HHStA/0ddc6372d580849fd2c98409318f2f15 | B11: AT-HHStA/StLambrechtOSB | C11: tag:www.monasterium.net,2011:/fond/AT-HHStA/StLambrechtOSB | D11: St. Lambrecht, Benediktiner (1205-1580) | E11: =VLOOKUP($B11,temporalBoundaries!$A:$G,6,0) -> 12051110 | F11: =VLOOKUP($B11,temporalBoundaries!$A:$G,7,0) -> 15800128 | G11: 1
A12: AT-HHStA/1126e531b1f42d06545c5f2718b59ad3 | B12: AT-HHStA/ArnsburgOCist | C12: tag:www.monasterium.net,2011:/fond/AT-HHStA/ArnsburgOCist | D12: Arnsburg, Zisterzienser | E12: =VLOOKUP($B12,temporalBoundaries!$A:$G,6,0) -> 14560122 | F12: =VLOOKUP($B12,temporalBoundaries!$A:$G,7,0) -> 14560122
A13: AT-HHStA/12feb23869c2117bd304b71090b016cc | B13: AT-HHStA/WolfsbergOFMConv | C13: tag:www.monasterium.net,2011:/fond/AT-HHStA/WolfsbergOFMConv | D13: Wolfsberg, Minoriten (1456-1624) | E13: =VLOOKUP($B13,temporalBoundaries!$A:$G,6,0) -> 14560305 | F13: =VLOOKUP($B13,temporalBoundaries!$A:$G,7,0) -> 16240121
A14: AT-HHStA/18c6a514e84f0fb9983dccd0dda0f4c1 | B14: AT-HHStA/MekinjeOSCI | C14: tag:www.monasterium.net,2011:/fond/AT-HHStA/MekinjeOSCI | D14: Mekinje (dt. Minkendorf), Klarissen (1287-1545) | E14: =VLOOKUP($B14,temporalBoundaries!$A:$G,6,0) -> 13501123 | F14: =VLOOKUP($B14,temporalBoundaries!$A:$G,7,0) -> 15450424
A15: AT-HHStA/1e211c956d2298bc9d02e177fcfdbede | B15: AT-HHStA/ThalbachOFM | C15: tag:www.monasterium.net,2011:/fond/AT-HHStA/ThalbachOFM | D15: Thalbach, Franziskanerinnen (1479-1780) | E15: =VLOOKUP($B15,temporalBoundaries!$A:$G,6,0) -> 14790124 | F15: =VLOOKUP($B15,temporalBoundaries!$A:$G,7,0) -> 17800115
A16: AT-HHStA/1e9469b249a8c7f0df2f36273e4b2f49 | B16: AT-HHStA/StBernhardOCist | C16: tag:www.monasterium.net,2011:/fond/AT-HHStA/StBernhardOCist | D16: St. Bernhard, Zisterzienserinnen (1263-1571) | E16: =VLOOKUP($B16,temporalBoundaries!$A:$G,6,0) -> 12630507 | F16: =VLOOKUP($B16,temporalBoundaries!$A:$G,7,0) -> 14880417
A17: AT-HHStA/209b4c152123964a8f26bef7c1995664 | B17: AT-HHStA/WienStNiklaskloster | C17: tag:www.monasterium.net,2011:/fond/AT-HHStA/WienStNiklaskloster | D17: Wien, St. Niklaskloster | E17: =VLOOKUP($B17,temporalBoundaries!$A:$G,6,0) -> 14340929 | F17: =VLOOKUP($B17,temporalBoundaries!$A:$G,7,0) -> 14340929
A18: AT-HHStA/2126a8f795a598014121268b46b2dc9d | B18: AT-HHStA/YbbsOCist | C18: tag:www.monasterium.net,2011:/fond/AT-HHStA/YbbsOCist | D18: Ybbs, Zisterzienserinnen (1234-1656) | E18: =VLOOKUP($B18,temporalBoundaries!$A:$G,6,0) -> 12341207 | F18: =VLOOKUP($B18,temporalBoundaries!$A:$G,7,0) -> 14171122
A19: AT-HHStA/21ed90366f1510116cdb8aa52ff05a48 | B19: AT-HHStA/GrosswardeinOPraem | C19: tag:www.monasterium.net,2011:/fond/AT-HHStA/GrosswardeinOPraem | D19: Großwardein, Prämonstratenser | E19: =VLOOKUP($B19,temporalBoundaries!$A:$G,6,0) -> 13330616 | F19: =VLOOKUP($B19,temporalBoundaries!$A:$G,7,0) -> 13330616
A20: AT-HHStA/284172994a2e3cb149aa3fe0553ab152 | B20: AT-HHStA/NRannaOSPPE | C20: tag:www.monasterium.net,2011:/fond/AT-HHStA/NRannaOSPPE | D20: Niederranna, Pauliner (1363-1685) | E20: =VLOOKUP($B20,temporalBoundaries!$A:$G,6,0) -> 14360801 | F20: =VLOOKUP($B20,temporalBoundaries!$A:$G,7,0) -> 16851218
A21: AT-HHStA/28b069bed180c38f14fdab0075dfa8c1 | B21: AT-HHStA/GloggnitzOSB | C21: tag:www.monasterium.net,2011:/fond/AT-HHStA/GloggnitzOSB | D21: Gloggnitz, Benediktiner (1476) | E21: =VLOOKUP($B21,temporalBoundaries!$A:$G,6,0) -> 14760406 | F21: =VLOOKUP($B21,temporalBoundaries!$A:$G,7,0) -> 14760406
A22: AT-HHStA/28dcffec83df9ea99c67dc00973cd753 | B22: AT-HHStA/ImbachOP | C22: tag:www.monasterium.net,2011:/fond/AT-HHStA/ImbachOP | D22: Imbach, Dominikanerinnen (1267-1764) | E22: =VLOOKUP($B22,temporalBoundaries!$A:$G,6,0) -> 12731219 | F22: =VLOOKUP($B22,temporalBoundaries!$A:$G,7,0) -> 15680401 | G22: 6
A23: AT-HHStA/2a1483a734de132d55b43aa5c6db38e7 | B23: AT-HHStA/WNStPeterSpOP | C23: tag:www.monasterium.net,2011:/fond/AT-HHStA/WNStPeterSpOP | D23: Wr. Neustadt, St. Peter in der Sperr, Dominikanerinnen (1301-1572) | E23: =VLOOKUP($B23,temporalBoundaries!$A:$G,6,0) -> 13490312 | F23: =VLOOKUP($B23,temporalBoundaries!$A:$G,7,0) -> 15720815
A24: AT-HHStA/2a364391d1a49d7ff9cf6c85f9bace18 | B24: AT-HHStA/StrebnitzOSB | C24: tag:www.monasterium.net,2011:/fond/AT-HHStA/StrebnitzOSB | D24: Strebnitz, Benediktiner | E24: =VLOOKUP($B24,temporalBoundaries!$A:$G,6,0) -> 14680325 | F24: =VLOOKUP($B24,temporalBoundaries!$A:$G,7,0) -> 14680325
A25: AT-HHStA/2bd681e85fd0627a24614ac5afc555ea | B25: AT-HHStA/RadljeOP | C25: tag:www.monasterium.net,2011:/fond/AT-HHStA/RadljeOP | D25: Radlje (dt. Mahrenberg), Dominikanerinnen (1268-1461) | E25: =VLOOKUP($B25,temporalBoundaries!$A:$G,6,0) -> 12681231 | F25: =VLOOKUP($B25,temporalBoundaries!$A:$G,7,0) -> 14610527
A26: AT-HHStA/2e6549a27d028c145f774d2ce33e663b | B26: AT-HHStA/SchnalsOCart | C26: tag:www.monasterium.net,2011:/fond/AT-HHStA/SchnalsOCart | D26: Schnals, Kartäuser | E26: =VLOOKUP($B26,temporalBoundaries!$A:$G,6,0) -> 14340531 | F26: =VLOOKUP($B26,temporalBoundaries!$A:$G,7,0) -> 14340531
A27: AT-HHStA/2f35e9f8cc6edcdfd441fbc73fe0bab4 | B27: AT-HHStA/KleinmariazellOSB | C27: tag:www.monasterium.net,2011:/fond/AT-HHStA/KleinmariazellOSB | D27: Kleinmariazell, Benediktiner | E27: =VLOOKUP($B27,temporalBoundaries!$A:$G,6,0) -> 14670714 | F27: =VLOOKUP($B27,temporalBoundaries!$A:$G,7,0) -> 14670714
A28: AT-HHStA/2f80f5d2a20ed0b3c237e74d53fa2311 | B28: AT-HHStA/PrahaMgd | C28: tag:www.monasterium.net,2011:/fond/AT-HHStA/PrahaMgd | D28: Praha, Magdalenitinen (1398) | E28: =VLOOKUP($B28,temporalBoundaries!$A:$G,6,0) -> 13980525 | F28: =VLOOKUP($B28,temporalBoundaries!$A:$G,7,0) -> 13980525
A29: AT-HHStA/394845fa8ba5789a14f83b35d3819191 | B29: AT-HHStA/GamingOCart | C29: tag:www.monasterium.net,2011:/fond/AT-HHStA/GamingOCart | D29: Gaming, Kartäuser (1311-1753) | E29: =VLOOKUP($B29,temporalBoundaries!$A:$G,6,0) -> 13560601 | F29: =VLOOKUP($B29,temporalBoundaries!$A:$G,7,0) -> 13560601
A30: AT-HHStA/3c4547862e4046b95ba7b8ff63c61df3 | B30: AT-HHStA/KlingenthalOP | C30: tag:www.monasterium.net,2011:/fond/AT-HHStA/KlingenthalOP | D30: Klingenthal, Dominikanerinnen (1482-1483) | E30: =VLOOKUP($B30,temporalBoundaries!$A:$G,6,0) -> 14820312 | F30: =VLOOKUP($B30,temporalBoundaries!$A:$G,7,0) -> 14830311
A31: AT-HHStA/42fb5072123bcbad66bbdbb1eb32c3c5 | B31: AT-HHStA/ErlaOSB | C31: tag:www.monasterium.net,2011:/fond/AT-HHStA/ErlaOSB | D31: Erla, Benediktinerinnen (1050-1742) | E31: =VLOOKUP($B31,temporalBoundaries!$A:$G,6,0) -> 12391126 | F31: =VLOOKUP($B31,temporalBoundaries!$A:$G,7,0) -> 16970627 | G31: 2
A32: AT-HHStA/443eef51699f3b3af04d0db6cbbe1e5f | B32: AT-HHStA/StudeniceOP | C32: tag:www.monasterium.net,2011:/fond/AT-HHStA/StudeniceOP | D32: Studenice (dt. Studenitz), Dominikanerinnen (1249-1297) | E32: =VLOOKUP($B32,temporalBoundaries!$A:$G,6,0) -> 12491231 | F32: =VLOOKUP($B32,temporalBoundaries!$A:$G,7,0) -> 12971231
A33: AT-HHStA/4c1ae70ca45a80545e3be9c0ce29d73d | B33: AT-HHStA/PolaStMichaelDeMonta | C33: tag:www.monasterium.net,2011:/fond/AT-HHStA/PolaStMichaelDeMonta | D33: St. Michael de Monte bei Pola | E33: =VLOOKUP($B33,temporalBoundaries!$A:$G,6,0) -> 14140806 | F33: =VLOOKUP($B33,temporalBoundaries!$A:$G,7,0) -> 14140806
A34: AT-HHStA/4cf1e40e5a35164d08e67e5d1b282832 | B34: AT-HHStA/StainachOP | C34: tag:www.monasterium.net,2011:/fond/AT-HHStA/StainachOP | D34: Stainach, Dominikanerinnen (1494-1500) | E34: =VLOOKUP($B34,temporalBoundaries!$A:$G,6,0) -> 14940119 | F34: =VLOOKUP($B34,temporalBoundaries!$A:$G,7,0) -> 15009999
A35: AT-HHStA/4ddf289639f88b3f075b379933eeb9d7 | B35: AT-HHStA/BerchtesgadenCanReg | C35: tag:www.monasterium.net,2011:/fond/AT-HHStA/BerchtesgadenCanReg | D35: Berchtesgaden, Augustiner-Chorherren (1202-1460) | E35: =VLOOKUP($B35,temporalBoundaries!$A:$G,6,0) -> 12020608 | F35: =VLOOKUP($B35,temporalBoundaries!$A:$G,7,0) -> 14600329
A36: AT-HHStA/5195563ee7e879397525bf1e2575e57d | B36: AT-HHStA/JudenburgOSCI | C36: tag:www.monasterium.net,2011:/fond/AT-HHStA/JudenburgOSCI | D36: Judenburg, Klarissen (1255-1463) | E36: =VLOOKUP($B36,temporalBoundaries!$A:$G,6,0) -> 14031214 | F36: =VLOOKUP($B36,temporalBoundaries!$A:$G,7,0) -> 14590108
A37: AT-HHStA/5329fc999edb8f67da8d55b09bcaa863 | B37: AT-HHStA/PletrjeOCart | C37: tag:www.monasterium.net,2011:/fond/AT-HHStA/PletrjeOCart | D37: Pletrje (dt. Pletriach), Kartäuser (1450-1472) | E37: =VLOOKUP($B37,temporalBoundaries!$A:$G,6,0) -> 14500601 | F37: =VLOOKUP($B37,temporalBoundaries!$A:$G,7,0) -> 14721224
A38: AT-HHStA/56ea04b6c34e2d1491c3e0b970d01a8a | B38: AT-HHStA/SonnenburgOSB | C38: tag:www.monasterium.net,2011:/fond/AT-HHStA/SonnenburgOSB | D38: Sonnenburg, Benediktiner | E38: =VLOOKUP($B38,temporalBoundaries!$A:$G,6,0) -> 13401008 | F38: =VLOOKUP($B38,temporalBoundaries!$A:$G,7,0) -> 13881021
A39: AT-HHStA/586ca6faa648b2fa6980eb6714c0b1dd | B39: AT-HHStA/WienStClaraOSCI | C39: tag:www.monasterium.net,2011:/fond/AT-HHStA/WienStClaraOSCI | D39: Wien, St. Clara - Klarissen (1302-1568) | E39: =VLOOKUP($B39,temporalBoundaries!$A:$G,6,0) -> 13020329 | F39: =VLOOKUP($B39,temporalBoundaries!$A:$G,7,0) -> 15680227
A40: AT-HHStA/5980e0d609e409ed4e27522ba78b2caa | B40: AT-HHStA/KorneuburgOESA | C40: tag:www.monasterium.net,2011:/fond/AT-HHStA/KorneuburgOESA | D40: Korneuburg, Augustiner-Eremiten (1305-1771) | E40: =VLOOKUP($B40,temporalBoundaries!$A:$G,6,0) -> 13051217 | F40: =VLOOKUP($B40,temporalBoundaries!$A:$G,7,0) -> 17710828
A41: AT-HHStA/5e610f61399b6eeae512dcfbac71064b | B41: AT-HHStA/StMichaelzuTschernaKonvent | C41: tag:www.monasterium.net,2011:/fond/AT-HHStA/StMichaelzuTschernaKonvent | D41: Konvent St. Michael zu Tscherna | E41: =VLOOKUP($B41,temporalBoundaries!$A:$G,6,0) -> 14510820 | F41: =VLOOKUP($B41,temporalBoundaries!$A:$G,7,0) -> 14510820
A42: AT-HHStA/62774581e007573c81fa9e6d99bc2b1e | B42: AT-HHStA/PlasyOCist | C42: tag:www.monasterium.net,2011:/fond/AT-HHStA/PlasyOCist | D42: Plasy (dt. Plass), Zisterzienser (1344-1410) | E42: =VLOOKUP($B42,temporalBoundaries!$A:$G,6,0) -> 13440121 | F42: =VLOOKUP($B42,temporalBoundaries!$A:$G,7,0) -> 14100408
A43: AT-HHStA/628d3cfa5b852ead58a9e1e9487909cd | B43: AT-HHStA/SbgFrauenklosterStPeter | C43: tag:www.monasterium.net,2011:/fond/AT-HHStA/SbgFrauenklosterStPeter | D43: Frauenkloster St. Peter in Salzburg | E43: =VLOOKUP($B43,temporalBoundaries!$A:$G,6,0) -> 14160424 | F43: =VLOOKUP($B43,temporalBoundaries!$A:$G,7,0) -> 14160424
... A45: AT-HHStA/67d487952059ef89fceba20add59b0b3 | B45: AT-HHStA/WienMaMagdCanReg | C45: tag:www.monasterium.net,2011:/fond/AT-HHStA/WienMaMagdCanReg | D45: Wien, St. Maria Magdalena, Augustiner-Chorfrauen (1234-1530) | E45: =VLOOKUP($B45,temporalBoundaries!$A:$G,6,0) -> 12340219 | F45: =VLOOKUP($B45,temporalBoundaries!$A:$G,7,0) -> 15280303
A46: AT-HHStA/71797856cf9748f731f9ad1e42f986c9 | B46: AT-HHStA/MistelbachOCarm | C46: tag:www.monasterium.net,2011:/fond/AT-HHStA/MistelbachOCarm | D46: Mistelbach, Karmeliter (1443-1474) | E46: =VLOOKUP($B46,temporalBoundaries!$A:$G,6,0) -> 14430522 | F46: =VLOOKUP($B46,temporalBoundaries!$A:$G,7,0) -> 14740328 | G46: 1
A47: AT-HHStA/71f18c87f7373671c8b009f5f8a793a5 | B47: AT-HHStA/TullnOP | C47: tag:www.monasterium.net,2011:/fond/AT-HHStA/TullnOP | D47: Tulln, Dominikanerinnen (1204-1742) | E47: =VLOOKUP($B47,temporalBoundaries!$A:$G,6,0) -> 12569999 | F47: =VLOOKUP($B47,temporalBoundaries!$A:$G,7,0) -> 17520612 | G47: 15
A48: AT-HHStA/74688b44f80dd060ac96758be7016a22 | B48: AT-HHStA/FreudnitzOCart | C48: tag:www.monasterium.net,2011:/fond/AT-HHStA/FreudnitzOCart | D48: Freudnitz, Kartäuser | E48: =VLOOKUP($B48,temporalBoundaries!$A:$G,6,0) -> 16180916 | F48: =VLOOKUP($B48,temporalBoundaries!$A:$G,7,0) -> 16180916
A49: AT-HHStA/754d7c4df24c80136e7d86e74585f832 | B49: AT-HHStA/LindauCan | C49: tag:www.monasterium.net,2011:/fond/AT-HHStA/LindauCan | D49: Lindau, Kanoniker | E49: =VLOOKUP($B49,temporalBoundaries!$A:$G,6,0) -> 8390421 | F49: =VLOOKUP($B49,temporalBoundaries!$A:$G,7,0) -> 8390421
A50: AT-HHStA/76e8833542beb534a98daadd15d8fc50 | B50: AT-HHStA/KirchbergCanReg | C50: tag:www.monasterium.net,2011:/fond/AT-HHStA/KirchbergCanReg | D50: Kirchberg am Wechsel, Augustiner-Chorfrauen (1272-1742) | E50: =VLOOKUP($B50,temporalBoundaries!$A:$G,6,0) -> 13420509 | F50: =VLOOKUP($B50,temporalBoundaries!$A:$G,7,0) -> 17420601
A51: AT-HHStA/793a79f7a5191751e39450b257e8c531 | B51: AT-HHStA/WNOSPPE | C51: tag:www.monasterium.net,2011:/fond/AT-HHStA/WNOSPPE | D51: Wr. Neustadt, Pauliner (1265-1671) | E51: =VLOOKUP($B51,temporalBoundaries!$A:$G,6,0) -> 12650504 | F51: =VLOOKUP($B51,temporalBoundaries!$A:$G,7,0) -> 16400409 | G51: 10
A52: AT-HHStA/7ca3df7db99c72981ca7afa59b8f1abd | B52: AT-HHStA/EberndorfCanReg | C52: tag:www.monasterium.net,2011:/fond/AT-HHStA/EberndorfCanReg | D52: Eberndorf, Augustiner Chorherren (1106-1601) | E52: =VLOOKUP($B52,temporalBoundaries!$A:$G,6,0) -> 11069999 | F52: =VLOOKUP($B52,temporalBoundaries!$A:$G,7,0) -> 16010102
A53: AT-HHStA/7dd029951d41126dda950d2f42d37056 | B53: AT-HHStA/SpitalamSemmeringCan | C53: tag:www.monasterium.net,2011:/fond/AT-HHStA/SpitalamSemmeringCan | D53: Spital am Semmering, Kanoniker | E53: =VLOOKUP($B53,temporalBoundaries!$A:$G,6,0) -> 12731122 | F53: =VLOOKUP($B53,temporalBoundaries!$A:$G,7,0) -> 12731122
A54: AT-HHStA/7e3391cb4df8b98bc6fc8140ee9a88e3 | B54: AT-HHStA/WienKoeklOSCI | C54: tag:www.monasterium.net,2011:/fond/AT-HHStA/WienKoeklOSCI | D54: Wien, Königskloster, Klarissen (1583-1779) | E54: =VLOOKUP($B54,temporalBoundaries!$A:$G,6,0) -> 15830507 | F54: =VLOOKUP($B54,temporalBoundaries!$A:$G,7,0) -> 17790205 | G54: 5
A55: AT-HHStA/7fdbbab217918f9cdcef47f8f44b60a2 | B55: AT-HHStA/WienStJakobCanReg | C55: tag:www.monasterium.net,2011:/fond/AT-HHStA/WienStJakobCanReg | D55: Wien, St. Jakob auf der Hülben, Augustiner-Chorfrauen (1326-1751) | E55: =VLOOKUP($B55,temporalBoundaries!$A:$G,6,0) -> 13260929 | F55: =VLOOKUP($B55,temporalBoundaries!$A:$G,7,0) -> 17511001
A56: AT-HHStA/8c1d3d55acab28f955a37ccc994f297b | B56: AT-HHStA/ZwettlOCist | C56: tag:www.monasterium.net,2011:/fond/AT-HHStA/ZwettlOCist | D56: Zwettl, Zisterzienser | E56: =VLOOKUP($B56,temporalBoundaries!$A:$G,6,0) -> 13600106 | F56: =VLOOKUP($B56,temporalBoundaries!$A:$G,7,0) -> 15320209
A57: AT-HHStA/8de1b652314d59e8cbd26827ed13381b | B57: AT-HHStA/OssiachOSB | C57: tag:www.monasterium.net,2011:/fond/AT-HHStA/OssiachOSB | D57: Ossiach, Benediktiner | E57: =VLOOKUP($B57,temporalBoundaries!$A:$G,6,0) -> 13170829 | F57: =VLOOKUP($B57,temporalBoundaries!$A:$G,7,0) -> 13170829
A58: AT-HHStA/909ee1fcd030234e6e7bfa3f3765eb2d | B58: AT-HHStA/WienOCarm | C58: tag:www.monasterium.net,2011:/fond/AT-HHStA/WienOCarm | D58: Wien, Karmeliter (1348-1666) | E58: =VLOOKUP($B58,temporalBoundaries!$A:$G,6,0) -> 14010825 | F58: =VLOOKUP($B58,temporalBoundaries!$A:$G,7,0) -> 16660410
A59: AT-HHStA/96eedca169fcea10994dbd347c54b5dd | B59: AT-HHStA/SpitalamPyhrnCan | C59: tag:www.monasterium.net,2011:/fond/AT-HHStA/SpitalamPyhrnCan | D59: Spital am Pyhrn, Kanoniker | E59: =VLOOKUP($B59,temporalBoundaries!$A:$G,6,0) -> 14181231 | F59: =VLOOKUP($B59,temporalBoundaries!$A:$G,7,0) -> 14181231
A60: AT-HHStA/97e8b19c31bff5e5db87f2b623ef24c1 | B60: AT-HHStA/FriesachOSA | C60: tag:www.monasterium.net,2011:/fond/AT-HHStA/FriesachOSA | D60: Friesach, Augustiner | E60: =VLOOKUP($B60,temporalBoundaries!$A:$G,6,0) -> 14990913 | F60: =VLOOKUP($B60,temporalBoundaries!$A:$G,7,0) -> 14990913
A61: AT-HHStA/97ffebe7e87724b21ee1e3b604b4e71f | B61: AT-HHStA/FuldeppOP | C61: tag:www.monasterium.net,2011:/fond/AT-HHStA/FuldeppOP | D61: Fuldepp, Dominikanerinnen (1299-1484) | E61: =VLOOKUP($B61,temporalBoundaries!$A:$G,6,0) -> 12990224 | F61: =VLOOKUP($B61,temporalBoundaries!$A:$G,7,0) -> 14840927
A62: AT-HHStA/996a0162612172f696204bf95b0328c0 | B62: AT-HHStA/StPeterSchwwOSB | C62: tag:www.monasterium.net,2011:/fond/AT-HHStA/StPeterSchwwOSB | D62: St. Peter im Schwarzwald, Benediktiner (1139) | E62: =VLOOKUP($B62,temporalBoundaries!$A:$G,6,0) -> 11391231 | F62: =VLOOKUP($B62,temporalBoundaries!$A:$G,7,0) -> 11391231
A63: AT-HHStA/a36edd2342b81daeb1ca60882dbf2c42 | B63: AT-HHStA/TraunseeOSB | C63: tag:www.monasterium.net,2011:/fond/AT-HHStA/TraunseeOSB | D63: Traunsee, Benediktinerinnen (909) | E63: =VLOOKUP($B63,temporalBoundaries!$A:$G,6,0) -> 9090219 | F63: =VLOOKUP($B63,temporalBoundaries!$A:$G,7,0) -> 9090219
A64: AT-HHStA/a475c817e848bce9ffa9d5d83d84ca3b | B64: AT-HHStA/MillstattOSB | C64: tag:www.monasterium.net,2011:/fond/AT-HHStA/MillstattOSB | D64: Millstatt, Benediktiner (1122-1588) | E64: =VLOOKUP($B64,temporalBoundaries!$A:$G,6,0) -> 11220327 | F64: =VLOOKUP($B64,temporalBoundaries!$A:$G,7,0) -> 15880503 | G64: 7
A65: AT-HHStA/ac7ac3a0163c567a67cb841f49ec038a | B65: AT-HHStA/PerneggOPraem | C65: tag:www.monasterium.net,2011:/fond/AT-HHStA/PerneggOPraem | D65: Pernegg, Prämonstratenser (1343) | E65: =VLOOKUP($B65,temporalBoundaries!$A:$G,6,0) -> 13430108 | F65: =VLOOKUP($B65,temporalBoundaries!$A:$G,7,0) -> 13430108
A66: AT-HHStA/b423c4e3c7c5812979ef0a022b342dee | B66: AT-HHStA/WNOFMConv | C66: tag:www.monasterium.net,2011:/fond/AT-HHStA/WNOFMConv | D66: Wr. Neustadt, Minoriten (1344-1507) | E66: =VLOOKUP($B66,temporalBoundaries!$A:$G,6,0) -> 13440912 | F66: =VLOOKUP($B66,temporalBoundaries!$A:$G,7,0) -> 15070322
A67: AT-HHStA/b5ed08e27392a35d95409664927914a0 | B67: AT-HHStA/GoessOSB | C67: tag:www.monasterium.net,2011:/fond/AT-HHStA/GoessOSB | D67: Göss, Benediktinerinnen (1187-1496) | E67: =VLOOKUP($B67,temporalBoundaries!$A:$G,6,0) -> 11871001 | F67: =VLOOKUP($B67,temporalBoundaries!$A:$G,7,0) -> 14961125
A68: AT-HHStA/b921b5ae1e3063542b66c5628ed78853 | B68: AT-HHStA/WNOCarm | C68: tag:www.monasterium.net,2011:/fond/AT-HHStA/WNOCarm | D68: Wr. Neustadt, Karmeliterinnen (1667) | E68: =VLOOKUP($B68,temporalBoundaries!$A:$G,6,0) -> 14010825 | F68: =VLOOKUP($B68,temporalBoundaries!$A:$G,7,0) -> 16660410 | G68: 1
A69: AT-HHStA/ba10f5123a219e7e431ead1f8ac6bdac | B69: AT-HHStA/LeobenOP | C69: tag:www.monasterium.net,2011:/fond/AT-HHStA/LeobenOP | D69: Leoben, Dominikaner (1288-1313) | E69: =VLOOKUP($B69,temporalBoundaries!$A:$G,6,0) -> 12880728 | F69: =VLOOKUP($B69,temporalBoundaries!$A:$G,7,0) -> 13130202
A70: AT-HHStA/ba65f6c1f399cd7146c1d3baccc16dc3 | B70: AT-HHStA/SticnaOCist | C70: tag:www.monasterium.net,2011:/fond/AT-HHStA/SticnaOCist | D70: StiÄna, Zisterzienser | E70: =VLOOKUP($B70,temporalBoundaries!$A:$G,6,0) -> 13380826 | F70: =VLOOKUP($B70,temporalBoundaries!$A:$G,7,0) -> 13380826
A71: AT-HHStA/bb2df0043a7d0a5b5cb05b50c2c4b016 | B71: AT-HHStA/NeubergOCist | C71: tag:www.monasterium.net,2011:/fond/AT-HHStA/NeubergOCist | D71: Neuberg an der Mürz, Zisterzienser (1357-1457) | E71: =VLOOKUP($B71,temporalBoundaries!$A:$G,6,0) -> 13990602 | F71: =VLOOKUP($B71,temporalBoundaries!$A:$G,7,0) -> 14240802 | G71: 1
A72: AT-HHStA/bcd5de7ba82a26148d8556db2eed63f5 | B72: AT-HHStA/NiedernburgOSB | C72: tag:www.monasterium.net,2011:/fond/AT-HHStA/NiedernburgOSB | D72: Niedernburg, Benediktiner | E72: =VLOOKUP($B72,temporalBoundaries!$A:$G,6,0) -> 11981231 | F72: =VLOOKUP($B72,temporalBoundaries!$A:$G,7,0) -> 11981231
A73: AT-HHStA/bda3578d6c775ee41aa3f118a35a0af8 | B73: AT-HHStA/WienOSA | C73: tag:www.monasterium.net,2011:/fond/AT-HHStA/WienOSA | D73: Wien, Augustiner (1333-1467) | E73: =VLOOKUP($B73,temporalBoundaries!$A:$G,6,0) -> 13331126 | F73: =VLOOKUP($B73,temporalBoundaries!$A:$G,7,0) -> 14670907
A74: AT-HHStA/be1b0f10427aca9aa2c75949f75de97e | B74: AT-HHStA/WienOFM | C74: tag:www.monasterium.net,2011:/fond/AT-HHStA/WienOFM | D74: Wien, Franziskaner (1545) | E74: =VLOOKUP($B74,temporalBoundaries!$A:$G,6,0) -> NaN | F74: =VLOOKUP($B74,temporalBoundaries!$A:$G,7,0) -> NaN
A75: AT-HHStA/bf7e7912761208f78fd2fb8c01d85428 | B75: AT-HHStA/StAndraeOP | C75: tag:www.monasterium.net,2011:/fond/AT-HHStA/StAndraeOP | D75: St. Andrä, Dominikanerinnen (1694-1755) | E75: =VLOOKUP($B75,temporalBoundaries!$A:$G,6,0) -> 13721111 | F75: =VLOOKUP($B75,temporalBoundaries!$A:$G,7,0) -> 17550108
A76: AT-HHStA/c0fb7329fa66ddfbf7efa754932cd2a8 | B76: AT-HHStA/GrazOFM | C76: tag:www.monasterium.net,2011:/fond/AT-HHStA/GrazOFM | D76: Graz, Franziskaner (1381-1507) | E76: =VLOOKUP($B76,temporalBoundaries!$A:$G,6,0) -> 13810530 | F76: =VLOOKUP($B76,temporalBoundaries!$A:$G,7,0) -> 15070322
A77: AT-HHStA/c49a3b54c2edf2c51995fcd1ca2f351c | B77: AT-HHStA/WienOSBCam | C77: tag:www.monasterium.net,2011:/fond/AT-HHStA/WienOSBCam | D77: Wien, Camaldulenser (1638-1718) | E77: =VLOOKUP($B77,temporalBoundaries!$A:$G,6,0) -> 16381120 | F77: =VLOOKUP($B77,temporalBoundaries!$A:$G,7,0) -> 17180409
A78: AT-HHStA/c90c857062ebd605a93658d9b58bddf0 | B78: AT-HHStA/GoettweigOSB | C78: tag:www.monasterium.net,2011:/fond/AT-HHStA/GoettweigOSB | D78: Göttweig, Benediktiner | E78: =VLOOKUP($B78,temporalBoundaries!$A:$G,6,0) -> 14100510 | F78: =VLOOKUP($B78,temporalBoundaries!$A:$G,7,0) -> 14100510
A79: AT-HHStA/c9fdb885b40b9c0313ecf08b76daeb5f | B79: AT-HHStA/ObernburgOSB | C79: tag:www.monasterium.net,2011:/fond/AT-HHStA/ObernburgOSB | D79: Gornji Grad (dt. Obernburg), Benediktiner (1220-1372) | E79: =VLOOKUP($B79,temporalBoundaries!$A:$G,6,0) -> 12200108 | F79: =VLOOKUP($B79,temporalBoundaries!$A:$G,7,0) -> 13720930
A80: AT-HHStA/ca03d391d7c60e50fd6ad5811786e8c4 | B80: AT-HHStA/RegensburgOCarm | C80: tag:www.monasterium.net,2011:/fond/AT-HHStA/RegensburgOCarm | D80: Regensburg, Karmeliter | E80: =VLOOKUP($B80,temporalBoundaries!$A:$G,6,0) -> 16580408 | F80: =VLOOKUP($B80,temporalBoundaries!$A:$G,7,0) -> 16580408
A81: AT-HHStA/ccc79582eabb03b0ea6227a8fcb0e49f | B81: AT-HHStA/ViktringOCist | C81: tag:www.monasterium.net,2011:/fond/AT-HHStA/ViktringOCist | D81: Viktring, Zisterzienser (1143-1484) | E81: =VLOOKUP($B81,temporalBoundaries!$A:$G,6,0) -> 11439999 | F81: =VLOOKUP($B81,temporalBoundaries!$A:$G,7,0) -> 14840914
A82: AT-HHStA/cfbf66ee6ea0e6350a45e22f3eff3d2b | B82: AT-HHStA/StGeorgenLOSB | C82: tag:www.monasterium.net,2011:/fond/AT-HHStA/StGeorgenLOSB | D82: St. Georgen am Längsee, Benediktinerinnen (1257) | E82: =VLOOKUP($B82,temporalBoundaries!$A:$G,6,0) -> 12570730 | F82: =VLOOKUP($B82,temporalBoundaries!$A:$G,7,0) -> 12570730
A83: AT-HHStA/d18a85732d09078e5a6a0dd1330b6d82 | B83: AT-HHStA/PulgarnCan | C83: tag:www.monasterium.net,2011:/fond/AT-HHStA/PulgarnCan | D83: Pulgarn, Kanoniker | E83: =VLOOKUP($B83,temporalBoundaries!$A:$G,6,0) -> 13320325 | F83: =VLOOKUP($B83,temporalBoundaries!$A:$G,7,0) -> 13320325
A84: AT-HHStA/d4879a41a4614d7918d99f514670ed86 | B84: AT-HHStA/MauerbachOCart | C84: tag:www.monasterium.net,2011:/fond/AT-HHStA/MauerbachOCart | D84: Mauerbach, Kartäuser (1266-1759) | E84: =VLOOKUP($B84,temporalBoundaries!$A:$G,6,0) -> 13161021 | F84: =VLOOKUP($B84,temporalBoundaries!$A:$G,7,0) -> 16820226 | G84: 5
A85: AT-HHStA/d735cec3dd14a8548347ebdc63042a3a | B85: AT-HHStA/WienStNikolaOSCI | C85: tag:www.monasterium.net,2011:/fond/AT-HHStA/WienStNikolaOSCI | D85: Wien, St. Nikola, Klarissen (1277-1660) | E85: =VLOOKUP($B85,temporalBoundaries!$A:$G,6,0) -> 13681111 | F85: =VLOOKUP($B85,temporalBoundaries!$A:$G,7,0) -> 17421231
A86: AT-HHStA/dabe09cfe021697547f6cbef9e755b31 | B86: AT-HHStA/ReinOCist | C86: tag:www.monasterium.net,2011:/fond/AT-HHStA/ReinOCist | D86: Rein, Zisterzienser | E86: =VLOOKUP($B86,temporalBoundaries!$A:$G,6,0) -> 14930926 | F86: =VLOOKUP($B86,temporalBoundaries!$A:$G,7,0) -> 14930926
A87: AT-HHStA/db41d483d14124c56ecb55cd9fd0404f | B87: AT-HHStA/TegernseeOSB | C87: tag:www.monasterium.net,2011:/fond/AT-HHStA/TegernseeOSB | D87: Tegernsee, Benediktiner | E87: =VLOOKUP($B87,temporalBoundaries!$A:$G,6,0) -> 14561107 | F87: =VLOOKUP($B87,temporalBoundaries!$A:$G,7,0) -> 14561107
A88: AT-HHStA/dd5afd618378387bfef355421cbe5e49 | B88: AT-HHStA/WienOP | C88: tag:www.monasterium.net,2011:/fond/AT-HHStA/WienOP | D88: Wien, Dominikaner (1278-1437) | E88: =VLOOKUP($B88,temporalBoundaries!$A:$G,6,0) -> 12780211 | F88: =VLOOKUP($B88,temporalBoundaries!$A:$G,7,0) -> 14890926
A89: AT-HHStA/dd618ca73597bb623bd4d1955b545862 | B89: AT-HHStA/AdmontOSB | C89: tag:www.monasterium.net,2011:/fond/AT-HHStA/AdmontOSB | D89: Admont, Benediktiner (1245-1571) | E89: =VLOOKUP($B89,temporalBoundaries!$A:$G,6,0) -> 14300107 | F89: =VLOOKUP($B89,temporalBoundaries!$A:$G,7,0) -> 15710526
A90: AT-HHStA/e13cfbb597e07de0b9dfa89ed071939f | B90: AT-HHStA/ChiemseeUnsereLiebeFrau | C90: tag:www.monasterium.net,2011:/fond/AT-HHStA/ChiemseeUnsereLiebeFrau | D90: Unsere liebe Frau Chiemsee | E90: =VLOOKUP($B90,temporalBoundaries!$A:$G,6,0) -> 14580312 | F90: =VLOOKUP($B90,temporalBoundaries!$A:$G,7,0) -> 14580312
A91: AT-HHStA/e3e278be36d8326e59a11d1a2be664ec | B91: AT-HHStA/GleinkOSB | C91: tag:www.monasterium.net,2011:/fond/AT-HHStA/GleinkOSB | D91: Gleink, Benediktiner | E91: =VLOOKUP($B91,temporalBoundaries!$A:$G,6,0) -> 14261112 | F91: =VLOOKUP($B91,temporalBoundaries!$A:$G,7,0) -> 14261112
A92: AT-HHStA/ec300b7fe6d5473422ebee17644827a3 | B92: AT-HHStA/PtujOP | C92: tag:www.monasterium.net,2011:/fond/AT-HHStA/PtujOP | D92: Ptuj (dt. Pettau), Dominikaner (1243-1461) | E92: =VLOOKUP($B92,temporalBoundaries!$A:$G,6,0) -> 12431014 | F92: =VLOOKUP($B92,temporalBoundaries!$A:$G,7,0) -> 14610903
A93: AT-HHStA/ece9b9bad2c1b363137ad828f1570b75 | B93: AT-HHStA/WienOFMConv | C93: tag:www.monasterium.net,2011:/fond/AT-HHStA/WienOFMConv | D93: Wien, Minoriten (1476-1517) | E93: =VLOOKUP($B93,temporalBoundaries!$A:$G,6,0) -> 14761011 | F93: =VLOOKUP($B93,temporalBoundaries!$A:$G,7,0) -> 15171217
A94: AT-HHStA/ed6348ef3836aba5177ff4e2cee9addc | B94: AT-HHStA/StPaulOSB | C94: tag:www.monasterium.net,2011:/fond/AT-HHStA/StPaulOSB | D94: St. Paul, Benediktiner (1099- 1499) | E94: =VLOOKUP($B94,temporalBoundaries!$A:$G,6,0) -> 10990326 | F94: =VLOOKUP($B94,temporalBoundaries!$A:$G,7,0) -> 16661018 | G94: 10
A95: AT-HHStA/f4052b5b4a971e7a34adeeec11584b84 | B95: AT-HHStA/ZatecOFMConv | C95: tag:www.monasterium.net,2011:/fond/AT-HHStA/ZatecOFMConv | D95: Å½atec (dt. Saaz), Minoriten (1380) | E95: =VLOOKUP($B95,temporalBoundaries!$A:$G,6,0) -> 13800228 | F95: =VLOOKUP($B95,temporalBoundaries!$A:$G,7,0) -> 13800228
A96: AT-HHStA/f7eb9cc13645d33029b63fac7c3326cf | B96: AT-HHStA/ZiceOCar | C96: tag:www.monasterium.net,2011:/fond/AT-HHStA/ZiceOCar | D96: Å½iÄe (dt. Seiz), Kartäuser (1173-1366) | E96: =VLOOKUP($B96,temporalBoundaries!$A:$G,6,0) -> 12409999 | F96: =VLOOKUP($B96,temporalBoundaries!$A:$G,7,0) -> 12409999
A97: AT-HHStA/f94580f890498eeb7ff66bd568d6aab7 | B97: AT-HHStA/WNOP | C97: tag:www.monasterium.net,2011:/fond/AT-HHStA/WNOP | D97: Wr. Neustadt, Dominikaner (1358-1529) | E97: =VLOOKUP($B97,temporalBoundaries!$A:$G,6,0) -> 13440912 | F97: =VLOOKUP($B97,temporalBoundaries!$A:$G,7,0) -> 15290706
A98: AT-HHStA/fa3da4b8668c1d67e9359fb4357fb33e | B98: AT-HHStA/BistraOCart | C98: tag:www.monasterium.net,2011:/fond/AT-HHStA/BistraOCart | D98: Bistra (dt. Freudenthal), Kartäuser (1255-1480) | E98: =VLOOKUP($B98,temporalBoundaries!$A:$G,6,0) -> 12550330 | F98: =VLOOKUP($B98,temporalBoundaries!$A:$G,7,0) -> 14801231
A99: AT-HHStA/fdd4af9a0f340b8053f1990ed081c50d | B99: AT-HHStA/VelesovoOP | C99: tag:www.monasterium.net,2011:/fond/AT-HHStA/VelesovoOP | D99: Velesovo (dt. Michelstetten), Dominikanerinnen (1238-1568) | E99: =VLOOKUP($B99,temporalBoundaries!$A:$G,6,0) -> 12530602 | F99: =VLOOKUP($B99,temporalBoundaries!$A:$G,7,0) -> 15680225
A100: AT-KLA/cc6a49cdf882c7a5663531e8ac0d8f0d | B100: AT-KLA/KLA-308 | C100: tag:www.monasterium.net,2011:/fond/AT-KLA/KLA-308 | D100: Eberndorf, Augustiner-Chorherrenstift | E100: =VLOOKUP($B100, temporalBoundaries!$A:$G, 6, 0) -> 14480309 | F100: =VLOOKUP($B100, temporalBoundaries!$A:$G, 7, 0) -> 16461208
A101: AT-KLA/d11000abd779835977124513baa32b34 | B101: AT-KLA/KLA-266 | C101: tag:www.monasterium.net,2011:/fond/AT-KLA/KLA-266 | D101: Pulst, Kommende | E101: =VLOOKUP($B101,temporalBoundaries!$A:$G,6,0) -> #N/A | F101: =VLOOKUP($B101,temporalBoundaries!$A:$G,7,0) -> #N/A
...

Sheet ChartersCount
A1: fondsid | B1: charters | C1: withImages | D1: percentage | E1: from | F1: to | G1: Diff | H1: charters/year | I1: =VLOOKUP($A1,temporalBoundaries!$A$1:$E$470,4,FALSE()) -> Orden | J1: =VLOOKUP($A1,temporalBoundaries!$A$1:$E$470,5,FALSE()) -> m/f | K1: notes
A2: AT-HHStA/WienOFM | B2: 0 | C2: 0 | D2: =100/B2*C2 -> #DIV/0! | E2: =VLOOKUP(A2,temporalBoundaries!$A$2:$G$500,2,FALSE()) -> #VALUE! | F2: =VLOOKUP(A2,temporalBoundaries!$A$2:$G$500,3,FALSE()) -> 0 | G2: =F2-E2 -> #VALUE! | H2: =B2/(G2+1) -> #VALUE! | I2: =VLOOKUP($A2,temporalBoundaries!$A$1:$E$470,4,FALSE()) -> NaN | J2: =VLOOKUP($A2,temporalBoundaries!$A$1:$E$470,5,FALSE()) -> NaN | K2: To check dates
A3: AT-StiAStP/BlUK | B3: 0 | C3: 0 | D3: =100/B3*C3 -> #DIV/0! | E3: =VLOOKUP(A3,temporalBoundaries!$A$2:$G$500,2,FALSE()) -> #VALUE! | F3: =VLOOKUP(A3,temporalBoundaries!$A$2:$G$500,3,FALSE()) -> 0 | G3: =F3-E3 -> #VALUE! | H3: =B3/(G3+1) -> #VALUE! | I3: =VLOOKUP($A3,temporalBoundaries!$A$1:$E$470,4,FALSE()) -> NaN | J3: =VLOOKUP($A3,temporalBoundaries!$A$1:$E$470,5,FALSE()) -> NaN | K3: To check dates
A4: CZ-NA/RK | B4: 0 | C4: 0 | D4: =100/B4*C4 -> #DIV/0! | E4: =VLOOKUP(A4,temporalBoundaries!$A$2:$G$500,2,FALSE()) -> #VALUE! | F4: =VLOOKUP(A4,temporalBoundaries!$A$2:$G$500,3,FALSE()) -> 0 | G4: =F4-E4 -> #VALUE! | H4: =B4/(G4+1) -> #VALUE! | I4: =VLOOKUP($A4,temporalBoundaries!$A$1:$E$470,4,FALSE()) -> NaN | J4: =VLOOKUP($A4,temporalBoundaries!$A$1:$E$470,5,FALSE()) -> NaN | K4: To check dates
A5: CZ-NA/AZK | B5: 0 | C5: 0 | D5: =100/B5*C5 -> #DIV/0! | E5: =VLOOKUP(A5,temporalBoundaries!$A$2:$G$500,2,FALSE()) -> #VALUE! | F5: =VLOOKUP(A5,temporalBoundaries!$A$2:$G$500,3,FALSE()) -> 0 | G5: =F5-E5 -> #VALUE! | H5: =B5/(G5+1) -> #VALUE! | I5: =VLOOKUP($A5,temporalBoundaries!$A$1:$E$470,4,FALSE()) -> NaN | J5: =VLOOKUP($A5,temporalBoundaries!$A$1:$E$470,5,FALSE()) -> NaN | K5: To check dates
A6: CZ-NA/RP | B6: 0 | C6: 0 | D6: =100/B6*C6 -> #DIV/0! | E6: =VLOOKUP(A6,temporalBoundaries!$A$2:$G$500,2,FALSE()) -> #VALUE! | F6: =VLOOKUP(A6,temporalBoundaries!$A$2:$G$500,3,FALSE()) -> 0 | G6: =F6-E6 -> #VALUE! | H6: =B6/(G6+1) -> #VALUE! | I6: =VLOOKUP($A6,temporalBoundaries!$A$1:$E$470,4,FALSE()) -> NaN | J6: =VLOOKUP($A6,temporalBoundaries!$A$1:$E$470,5,FALSE()) -> NaN | K6: To check dates
A7: IT-ASFi/DNFirenzeSIacopo | B7: 0 | C7: 0 | D7: =100/B7*C7 -> #DIV/0! | E7: =VLOOKUP(A7,temporalBoundaries!$A$2:$G$500,2,FALSE()) -> #VALUE! | F7: =VLOOKUP(A7,temporalBoundaries!$A$2:$G$500,3,FALSE()) -> 0 | G7: =F7-E7 -> #VALUE! | H7: =B7/(G7+1) -> #VALUE! | I7: =VLOOKUP($A7,temporalBoundaries!$A$1:$E$470,4,FALSE()) -> NaN | J7: =VLOOKUP($A7,temporalBoundaries!$A$1:$E$470,5,FALSE()) -> NaN | K7: To check dates
A8: IT-ASFi/DNCamaldoli | B8: 0 | C8: 0 | D8: =100/B8*C8 -> #DIV/0! | E8: =VLOOKUP(A8,temporalBoundaries!$A$2:$G$500,2,FALSE()) -> #VALUE! | F8: =VLOOKUP(A8,temporalBoundaries!$A$2:$G$500,3,FALSE()) -> 0 | G8: =F8-E8 -> #VALUE! | H8: =B8/(G8+1) -> #VALUE! | I8: =VLOOKUP($A8,temporalBoundaries!$A$1:$E$470,4,FALSE()) -> NaN | J8: =VLOOKUP($A8,temporalBoundaries!$A$1:$E$470,5,FALSE()) -> NaN | K8: To check dates
A9: IT-ASFi/DNFirenzeSSpirito | B9: 0 | C9: 0 | D9: =100/B9*C9 -> #DIV/0! | E9: =VLOOKUP(A9,temporalBoundaries!$A$2:$G$500,2,FALSE()) -> #VALUE! | F9: =VLOOKUP(A9,temporalBoundaries!$A$2:$G$500,3,FALSE()) -> 0 | G9: =F9-E9 -> #VALUE! | H9: =B9/(G9+1) -> #VALUE! | I9: =VLOOKUP($A9,temporalBoundaries!$A$1:$E$470,4,FALSE()) -> NaN | J9: =VLOOKUP($A9,temporalBoundaries!$A$1:$E$470,5,FALSE()) -> NaN | K9: To check dates
B10: 1 | C10: 1 | D10: =100/B10*C10 -> 100 | E10: =VLOOKUP(A10,temporalBoundaries!$A$2:$G$500,2,FALSE()) -> #N/A | F10: =VLOOKUP(A10,temporalBoundaries!$A$2:$G$500,3,FALSE()) -> #N/A | G10: =F10-E10 -> #N/A | H10: =B10/(G10+1) -> #N/A | I10: =VLOOKUP($A10,temporalBoundaries!$A$1:$E$470,4,FALSE()) -> #N/A | J10: =VLOOKUP($A10,temporalBoundaries!$A$1:$E$470,5,FALSE()) -> #N/A
A11: AT-HHStA/ArnsburgOCist | B11: 1 | C11: 1 | D11: =100/B11*C11 -> 100 | E11: =VLOOKUP(A11,temporalBoundaries!$A$2:$G$500,2,FALSE()) -> 1456 | F11: =VLOOKUP(A11,temporalBoundaries!$A$2:$G$500,3,FALSE()) -> 1456 | G11: =F11-E11 -> 0 | H11: =B11/(G11+1) -> 1 | I11: =VLOOKUP($A11,temporalBoundaries!$A$1:$E$470,4,FALSE()) -> 14560122 | J11: =VLOOKUP($A11,temporalBoundaries!$A$1:$E$470,5,FALSE()) -> 14560122
A12: AT-HHStA/WienStNiklaskloster | B12: 1 | C12: 1 | D12: =100/B12*C12 -> 100 | E12: =VLOOKUP(A12,temporalBoundaries!$A$2:$G$500,2,FALSE()) -> 1434 | F12: =VLOOKUP(A12,temporalBoundaries!$A$2:$G$500,3,FALSE()) -> 1434 | G12: =F12-E12 -> 0 | H12: =B12/(G12+1) -> 1 | I12: =VLOOKUP($A12,temporalBoundaries!$A$1:$E$470,4,FALSE()) -> 14340929 | J12: =VLOOKUP($A12,temporalBoundaries!$A$1:$E$470,5,FALSE()) -> 14340929
A13: AT-HHStA/GrosswardeinOPraem | B13: 1 | C13: 1 | D13: =100/B13*C13 -> 100 | E13: =VLOOKUP(A13,temporalBoundaries!$A$2:$G$500,2,FALSE()) -> 1333 | F13: =VLOOKUP(A13,temporalBoundaries!$A$2:$G$500,3,FALSE()) -> 1333 | G13: =F13-E13 -> 0 | H13: =B13/(G13+1) -> 1 | I13: =VLOOKUP($A13,temporalBoundaries!$A$1:$E$470,4,FALSE()) -> 13330616 | J13: =VLOOKUP($A13,temporalBoundaries!$A$1:$E$470,5,FALSE()) -> 13330616
A14: AT-HHStA/StrebnitzOSB | B14: 1 | C14: 1 | D14: =100/B14*C14 -> 100 | E14: =VLOOKUP(A14,temporalBoundaries!$A$2:$G$500,2,FALSE()) -> 1468 | F14: =VLOOKUP(A14,temporalBoundaries!$A$2:$G$500,3,FALSE()) -> 1468 | G14: =F14-E14 -> 0 | H14: =B14/(G14+1) -> 1 | I14: =VLOOKUP($A14,temporalBoundaries!$A$1:$E$470,4,FALSE()) -> 14680325 | J14: =VLOOKUP($A14,temporalBoundaries!$A$1:$E$470,5,FALSE()) -> 14680325
A15: AT-HHStA/SchnalsOCart | B15: 1 | C15: 1 | D15: =100/B15*C15 -> 100 | E15: =VLOOKUP(A15,temporalBoundaries!$A$2:$G$500,2,FALSE()) -> 1434 | F15: =VLOOKUP(A15,temporalBoundaries!$A$2:$G$500,3,FALSE()) -> 1434 | G15: =F15-E15 -> 0 | H15: =B15/(G15+1) -> 1 | I15: =VLOOKUP($A15,temporalBoundaries!$A$1:$E$470,4,FALSE()) -> 14340531 | J15: =VLOOKUP($A15,temporalBoundaries!$A$1:$E$470,5,FALSE()) -> 14340531
A16: AT-HHStA/PolaStMichaelDeMonta | B16: 1 | C16: 1 | D16: =100/B16*C16 -> 100 | E16: =VLOOKUP(A16,temporalBoundaries!$A$2:$G$500,2,FALSE()) -> 1414 | F16: =VLOOKUP(A16,temporalBoundaries!$A$2:$G$500,3,FALSE()) -> 1414 | G16: =F16-E16 -> 0 | H16: =B16/(G16+1) -> 1 | I16: =VLOOKUP($A16,temporalBoundaries!$A$1:$E$470,4,FALSE()) -> 14140806 | J16: =VLOOKUP($A16,temporalBoundaries!$A$1:$E$470,5,FALSE()) -> 14140806
A17: AT-HHStA/SbgFrauenklosterStPeter | B17: 1 | C17: 1 | D17: =100/B17*C17 -> 100 | E17: =VLOOKUP(A17,temporalBoundaries!$A$2:$G$500,2,FALSE()) -> 1416 | F17: =VLOOKUP(A17,temporalBoundaries!$A$2:$G$500,3,FALSE()) -> 1416 | G17: =F17-E17 -> 0 | H17: =B17/(G17+1) -> 1 | I17: =VLOOKUP($A17,temporalBoundaries!$A$1:$E$470,4,FALSE()) -> 14160424 | J17: =VLOOKUP($A17,temporalBoundaries!$A$1:$E$470,5,FALSE()) -> 14160424
A18: AT-HHStA/FreudnitzOCart | B18: 1 | C18: 1 | D18: =100/B18*C18 -> 100 | E18: =VLOOKUP(A18,temporalBoundaries!$A$2:$G$500,2,FALSE()) -> 1618 | F18: =VLOOKUP(A18,temporalBoundaries!$A$2:$G$500,3,FALSE()) -> 1618 | G18: =F18-E18 -> 0 | H18: =B18/(G18+1) -> 1 | I18: =VLOOKUP($A18,temporalBoundaries!$A$1:$E$470,4,FALSE()) -> 16180916 | J18: =VLOOKUP($A18,temporalBoundaries!$A$1:$E$470,5,FALSE()) -> 16180916
A19: AT-HHStA/LindauCan | B19: 1 | C19: 1 | D19: =100/B19*C19 -> 100 | E19: =VLOOKUP(A19,temporalBoundaries!$A$2:$G$500,2,FALSE()) -> 839 | F19: =VLOOKUP(A19,temporalBoundaries!$A$2:$G$500,3,FALSE()) -> 839 | G19: =F19-E19 -> 0 | H19: =B19/(G19+1) -> 1 | I19: =VLOOKUP($A19,temporalBoundaries!$A$1:$E$470,4,FALSE()) -> 8390421 | J19: =VLOOKUP($A19,temporalBoundaries!$A$1:$E$470,5,FALSE()) -> 8390421
A20: AT-HHStA/OssiachOSB | B20: 1 | C20: 1 | D20: =100/B20*C20 -> 100 | E20: =VLOOKUP(A20,temporalBoundaries!$A$2:$G$500,2,FALSE()) -> 1317 | F20: =VLOOKUP(A20,temporalBoundaries!$A$2:$G$500,3,FALSE()) -> 1317 | G20: =F20-E20 -> 0 | H20: =B20/(G20+1) -> 1 | I20: =VLOOKUP($A20,temporalBoundaries!$A$1:$E$470,4,FALSE()) -> 13170829 | J20: =VLOOKUP($A20,temporalBoundaries!$A$1:$E$470,5,FALSE()) -> 13170829
A21: AT-HHStA/FriesachOSA | B21: 1 | C21: 1 | D21: =100/B21*C21 -> 100 | E21: =VLOOKUP(A21,temporalBoundaries!$A$2:$G$500,2,FALSE()) -> 1499 | F21: =VLOOKUP(A21,temporalBoundaries!$A$2:$G$500,3,FALSE()) -> 1499 | G21: =F21-E21 -> 0 | H21: =B21/(G21+1) -> 1 | I21: =VLOOKUP($A21,temporalBoundaries!$A$1:$E$470,4,FALSE()) -> 14990913 | J21: =VLOOKUP($A21,temporalBoundaries!$A$1:$E$470,5,FALSE()) -> 14990913
A22: AT-HHStA/TraunseeOSB | B22: 1 | C22: 1 | D22: =100/B22*C22 -> 100 | E22: =VLOOKUP(A22,temporalBoundaries!$A$2:$G$500,2,FALSE()) -> 909 | F22: =VLOOKUP(A22,temporalBoundaries!$A$2:$G$500,3,FALSE()) -> 909 | G22: =F22-E22 -> 0 | H22: =B22/(G22+1) -> 1 | I22: =VLOOKUP($A22,temporalBoundaries!$A$1:$E$470,4,FALSE()) -> 9090219 | J22: =VLOOKUP($A22,temporalBoundaries!$A$1:$E$470,5,FALSE()) -> 9090219
... A236: CZ-MZA/E51 | B236: 45 | C236: 27 | D236: =100/B236*C236 -> 60 | E236: =VLOOKUP(A236,temporalBoundaries!$A$2:$G$500,2,FALSE()) -> 1669 | F236: =VLOOKUP(A236,temporalBoundaries!$A$2:$G$500,3,FALSE()) -> 1741 | G236: =F236-E236 -> 72 | H236: =B236/(G236+1) -> 0.61643836 | I236: =VLOOKUP($A236,temporalBoundaries!$A$1:$E$470,4,FALSE()) -> 16690327 | J236: =VLOOKUP($A236,temporalBoundaries!$A$1:$E$470,5,FALSE()) -> 17410217
A237: AT-HHStA/ZiceOCar | B237: 45 | C237: 0 | D237: =100/B237*C237 -> 0 | E237: =VLOOKUP(A237,temporalBoundaries!$A$2:$G$500,2,FALSE()) -> 1240 | F237: =VLOOKUP(A237,temporalBoundaries!$A$2:$G$500,3,FALSE()) -> 1240 | G237: =F237-E237 -> 0 | H237: =B237/(G237+1) -> 45 | I237: =VLOOKUP($A237,temporalBoundaries!$A$1:$E$470,4,FALSE()) -> 12409999 | J237: =VLOOKUP($A237,temporalBoundaries!$A$1:$E$470,5,FALSE()) -> 12409999 | K237: To check dates
A238: IT-ASFi/DNPratoSVincenzo | B238: 46 | C238: 0 | D238: =100/B238*C238 -> 0 | E238: =VLOOKUP(A238,temporalBoundaries!$A$2:$G$500,2,FALSE()) -> 1328 | F238: =VLOOKUP(A238,temporalBoundaries!$A$2:$G$500,3,FALSE()) -> 1398 | G238: =F238-E238 -> 70 | H238: =B238/(G238+1) -> 0.64788732 | I238: =VLOOKUP($A238,temporalBoundaries!$A$1:$E$470,4,FALSE()) -> 13280201 | J238: =VLOOKUP($A238,temporalBoundaries!$A$1:$E$470,5,FALSE()) -> 13981215
A239: IT-ASFi/DNPistoiaSFrancesco | B239: 47 | C239: 0 | D239: =100/B239*C239 -> 0 | E239: =VLOOKUP(A239,temporalBoundaries!$A$2:$G$500,2,FALSE()) -> 1255 | F239: =VLOOKUP(A239,temporalBoundaries!$A$2:$G$500,3,FALSE()) -> 1398 | G239: =F239-E239 -> 143 | H239: =B239/(G239+1) -> 0.32638889 | I239: =VLOOKUP($A239,temporalBoundaries!$A$1:$E$470,4,FALSE()) -> 12551212 | J239: =VLOOKUP($A239,temporalBoundaries!$A$1:$E$470,5,FALSE()) -> 13981219
A240: AT-AWMK/AsparnOFMConv | B240: 48 | C240: 48 | D240: =100/B240*C240 -> 100 | E240: =VLOOKUP(A240,temporalBoundaries!$A$2:$G$500,2,FALSE()) -> 1471 | F240: =VLOOKUP(A240,temporalBoundaries!$A$2:$G$500,3,FALSE()) -> 1767 | G240: =F240-E240 -> 296 | H240: =B240/(G240+1) -> 0.16161616 | I240: =VLOOKUP($A240,temporalBoundaries!$A$1:$E$470,4,FALSE()) -> 14711127 | J240: =VLOOKUP($A240,temporalBoundaries!$A$1:$E$470,5,FALSE()) -> 17670520
A241: IT-ASFi/DNPratoSNiccolo | B241: 49 | C241: 0 | D241: =100/B241*C241 -> 0 | E241: =VLOOKUP(A241,temporalBoundaries!$A$2:$G$500,2,FALSE()) -> 1282 | F241: =VLOOKUP(A241,temporalBoundaries!$A$2:$G$500,3,FALSE()) -> 1385 | G241: =F241-E241 -> 103 | H241: =B241/(G241+1) -> 0.47115385 | I241: =VLOOKUP($A241,temporalBoundaries!$A$1:$E$470,4,FALSE()) -> 12820926 | J241: =VLOOKUP($A241,temporalBoundaries!$A$1:$E$470,5,FALSE()) -> 13850429
A242: IT-ASBa/ASBa_SGiac-strum | B242: 50 | C242: 50 | D242: =100/B242*C242 -> 100 | E242: =VLOOKUP(A242,temporalBoundaries!$A$2:$G$500,2,FALSE()) -> 1550 | F242: =VLOOKUP(A242,temporalBoundaries!$A$2:$G$500,3,FALSE()) -> 1680 | G242: =F242-E242 -> 130 | H242: =B242/(G242+1) -> 0.38167939 | I242: =VLOOKUP($A242,temporalBoundaries!$A$1:$E$470,4,FALSE()) -> 15500922 | J242: =VLOOKUP($A242,temporalBoundaries!$A$1:$E$470,5,FALSE()) -> 16800301
A243: IT-ASFi/DNFirenzeSMariaSulPrato | B243: 51 | C243: 0 | D243: =100/B243*C243 -> 0 | E243: =VLOOKUP(A243,temporalBoundaries!$A$2:$G$500,2,FALSE()) -> 1216 | F243: =VLOOKUP(A243,temporalBoundaries!$A$2:$G$500,3,FALSE()) -> 1394 | G243: =F243-E243 -> 178 | H243: =B243/(G243+1) -> 0.2849162 | I243: =VLOOKUP($A243,temporalBoundaries!$A$1:$E$470,4,FALSE()) -> 12160419 | J243: =VLOOKUP($A243,temporalBoundaries!$A$1:$E$470,5,FALSE()) -> 13940625
A244: HU-PBFL/TihanyOSB | B244: 53 | C244: 42 | D244: =100/B244*C244 -> 79.245283 | E244: =VLOOKUP(A244,temporalBoundaries!$A$2:$G$500,2,FALSE()) -> 1055 | F244: =VLOOKUP(A244,temporalBoundaries!$A$2:$G$500,3,FALSE()) -> 1522 | G244: =F244-E244 -> 467 | H244: =B244/(G244+1) -> 0.11324786 | I244: =VLOOKUP($A244,temporalBoundaries!$A$1:$E$470,4,FALSE()) -> 10551231 | J244: =VLOOKUP($A244,temporalBoundaries!$A$1:$E$470,5,FALSE()) -> 15220916
A245: CZ-NA/AZK%7CKladruby | B245: 53 | C245: 53 | D245: =100/B245*C245 -> 100 | E245: =VLOOKUP(A245,temporalBoundaries!$A$2:$G$500,2,FALSE()) -> 1115 | F245: =VLOOKUP(A245,temporalBoundaries!$A$2:$G$500,3,FALSE()) -> 1526 | G245: =F245-E245 -> 411 | H245: =B245/(G245+1) -> 0.12864078 | I245: =VLOOKUP($A245,temporalBoundaries!$A$1:$E$470,4,FALSE()) -> 11151231 | J245: =VLOOKUP($A245,temporalBoundaries!$A$1:$E$470,5,FALSE()) -> 15261123
A246: IT-ASFi/DNPistoiaSMariaDegliAngioli | B246: 54 | C246: 0 | D246: =100/B246*C246 -> 0 | E246: =VLOOKUP(A246,temporalBoundaries!$A$2:$G$500,2,FALSE()) -> 1100 | F246: =VLOOKUP(A246,temporalBoundaries!$A$2:$G$500,3,FALSE()) -> 1397 | G246: =F246-E246 -> 297 | H246: =B246/(G246+1) -> 0.18120805 | I246: =VLOOKUP($A246,temporalBoundaries!$A$1:$E$470,4,FALSE()) -> 11001130 | J246: =VLOOKUP($A246,temporalBoundaries!$A$1:$E$470,5,FALSE()) -> 13970925
A247: CZ-ZAO/RKL-OPAVA | B247: 55 | C247: 55 | D247: =100/B247*C247 -> 100 | E247: =VLOOKUP(A247,temporalBoundaries!$A$2:$G$500,2,FALSE()) -> 1289 | F247: =VLOOKUP(A247,temporalBoundaries!$A$2:$G$500,3,FALSE()) -> 1704 | G247: =F247-E247 -> 415 | H247: =B247/(G247+1) -> 0.13221154 | I247: =VLOOKUP($A247,temporalBoundaries!$A$1:$E$470,4,FALSE()) -> 12899999 | J247: =VLOOKUP($A247,temporalBoundaries!$A$1:$E$470,5,FALSE()) -> 17040910
A248: CZ-NA/AZK%7CLitomysl | B248: 55 | C248: 55 | D248: =100/B248*C248 -> 100 | E248: =VLOOKUP(A248,temporalBoundaries!$A$2:$G$500,2,FALSE()) -> 1167 | F248: =VLOOKUP(A248,temporalBoundaries!$A$2:$G$500,3,FALSE()) -> 1501 | G248: =F248-E248 -> 334 | H248: =B248/(G248+1) -> 0.1641791 | I248: =VLOOKUP($A248,temporalBoundaries!$A$1:$E$470,4,FALSE()) -> 11670120 | J248: =VLOOKUP($A248,temporalBoundaries!$A$1:$E$470,5,FALSE()) -> 15010710
A249: CZ-MZA/E58 | B249: 56 | C249: 53 | D249: =100/B249*C249 -> 94.642857 | E249: =VLOOKUP(A249,temporalBoundaries!$A$2:$G$500,2,FALSE()) -> 1258 | F249: =VLOOKUP(A249,temporalBoundaries!$A$2:$G$500,3,FALSE()) -> 1841 | G249: =F249-E249 -> 583 | H249: =B249/(G249+1) -> 0.095890411 | I249: =VLOOKUP($A249,temporalBoundaries!$A$1:$E$470,4,FALSE()) -> 12580223 | J249: =VLOOKUP($A249,temporalBoundaries!$A$1:$E$470,5,FALSE()) -> 18411228
... A264: DE-UAHD/AlzeyAugustinerkloster | B264: 66 | C264: 66 | D264: =100/B264*C264 -> 100 | E264: =VLOOKUP(A264,temporalBoundaries!$A$2:$G$500,2,FALSE()) -> 1393 | F264: =VLOOKUP(A264,temporalBoundaries!$A$2:$G$500,3,FALSE()) -> 1551 | G264: =F264-E264 -> 158 | H264: =B264/(G264+1) -> 0.41509434 | I264: =VLOOKUP($A264,temporalBoundaries!$A$1:$E$470,4,FALSE()) -> 13930615 | J264: =VLOOKUP($A264,temporalBoundaries!$A$1:$E$470,5,FALSE()) -> 15510218
A265: CZ-NA/AZK%7CPohled | B265: 66 | C265: 66 | D265: =100/B265*C265 -> 100 | E265: =VLOOKUP(A265,temporalBoundaries!$A$2:$G$500,2,FALSE()) -> 1336 | F265: =VLOOKUP(A265,temporalBoundaries!$A$2:$G$500,3,FALSE()) -> 1336 | G265: =F265-E265 -> 0 | H265: =B265/(G265+1) -> 66 | I265: =VLOOKUP($A265,temporalBoundaries!$A$1:$E$470,4,FALSE()) -> 13360312 | J265: =VLOOKUP($A265,temporalBoundaries!$A$1:$E$470,5,FALSE()) -> 13360312 | K265: To check dates
A266: IT-ASFi/DNPinelli | B266: 68 | C266: 0 | D266: =100/B266*C266 -> 0 | E266: =VLOOKUP(A266,temporalBoundaries!$A$2:$G$500,2,FALSE()) -> 1295 | F266: =VLOOKUP(A266,temporalBoundaries!$A$2:$G$500,3,FALSE()) -> 1398 | G266: =F266-E266 -> 103 | H266: =B266/(G266+1) -> 0.65384615 | I266: =VLOOKUP($A266,temporalBoundaries!$A$1:$E$470,4,FALSE()) -> 12951006 | J266: =VLOOKUP($A266,temporalBoundaries!$A$1:$E$470,5,FALSE()) -> 13980114
A267: AT-VLA/ValdunaKl | B267: 69 | C267: 67 | D267: =100/B267*C267 -> 97.101449 | E267: =VLOOKUP(A267,temporalBoundaries!$A$2:$G$500,2,FALSE()) -> 1395 | F267: =VLOOKUP(A267,temporalBoundaries!$A$2:$G$500,3,FALSE()) -> 1715 | G267: =F267-E267 -> 320 | H267: =B267/(G267+1) -> 0.21495327 | I267: =VLOOKUP($A267,temporalBoundaries!$A$1:$E$470,4,FALSE()) -> 13950529 | J267: =VLOOKUP($A267,temporalBoundaries!$A$1:$E$470,5,FALSE()) -> 17151101
A268: ES-AHN/MonasterioSantoEstevo | B268: 70 | C268: 70 | D268: =100/B268*C268 -> 100 | E268: =VLOOKUP(A268,temporalBoundaries!$A$2:$G$500,2,FALSE()) -> 921 | F268: =VLOOKUP(A268,temporalBoundaries!$A$2:$G$500,3,FALSE()) -> 1686 | G268: =F268-E268 -> 765 | H268: =B268/(G268+1) -> 0.091383812 | I268: =VLOOKUP($A268,temporalBoundaries!$A$1:$E$470,4,FALSE()) -> 9211012 | J268: =VLOOKUP($A268,temporalBoundaries!$A$1:$E$470,5,FALSE()) -> 16860820
A269: CZ-MZA/E59 | B269: 70 | C269: 70 | D269: =100/B269*C269 -> 100 | E269: =VLOOKUP(A269,temporalBoundaries!$A$2:$G$500,2,FALSE()) -> 1209 | F269: =VLOOKUP(A269,temporalBoundaries!$A$2:$G$500,3,FALSE()) -> 1782 | G269: =F269-E269 -> 573 | H269: =B269/(G269+1) -> 0.12195122 | I269: =VLOOKUP($A269,temporalBoundaries!$A$1:$E$470,4,FALSE()) -> 12090403 | J269: =VLOOKUP($A269,temporalBoundaries!$A$1:$E$470,5,FALSE()) -> 17820426
A270: AT-StiAStP/BlUKReichenbach | B270: 70 | C270: 70 | D270: =100/B270*C270 -> 100 | E270: =VLOOKUP(A270,temporalBoundaries!$A$2:$G$500,2,FALSE()) -> 1252 | F270: =VLOOKUP(A270,temporalBoundaries!$A$2:$G$500,3,FALSE()) -> 1629 | G270: =F270-E270 -> 377 | H270: =B270/(G270+1) -> 0.18518519 | I270: =VLOOKUP($A270,temporalBoundaries!$A$1:$E$470,4,FALSE()) -> 12529999 | J270: =VLOOKUP($A270,temporalBoundaries!$A$1:$E$470,5,FALSE()) -> 16290917
A271: CZ-NA/RD | B271: 71 | C271: 71 | D271: =100/B271*C271 -> 100 | E271: =VLOOKUP(A271,temporalBoundaries!$A$2:$G$500,2,FALSE()) -> 1255 | F271: =VLOOKUP(A271,temporalBoundaries!$A$2:$G$500,3,FALSE()) -> 1861 | G271: =F271-E271 -> 606 | H271: =B271/(G271+1) -> 0.1169687 | I271: =VLOOKUP($A271,temporalBoundaries!$A$1:$E$470,4,FALSE()) -> 12550409 | J271: =VLOOKUP($A271,temporalBoundaries!$A$1:$E$470,5,FALSE()) -> 18610322
A272: IT-BSNSP/12-Monasteri_diversi | B272: 75 | C272: 75 | D272: =100/B272*C272 -> 100 | E272: =VLOOKUP(A272,temporalBoundaries!$A$2:$G$500,2,FALSE()) -> 1125 | F272: =VLOOKUP(A272,temporalBoundaries!$A$2:$G$500,3,FALSE()) -> 1641 | G272: =F272-E272 -> 516 | H272: =B272/(G272+1) -> 0.1450677 | I272: =VLOOKUP($A272,temporalBoundaries!$A$1:$E$470,4,FALSE()) -> 11250799 | J272: =VLOOKUP($A272,temporalBoundaries!$A$1:$E$470,5,FALSE()) -> 16410703
A273: HU-PBFL/PannHActa | B273: 78 | C273: 53 | D273: =100/B273*C273 -> 67.948718 | E273: =VLOOKUP(A273,temporalBoundaries!$A$2:$G$500,2,FALSE()) -> 1201 | F273: =VLOOKUP(A273,temporalBoundaries!$A$2:$G$500,3,FALSE()) -> 1523 | G273: =F273-E273 -> 322 | H273: =B273/(G273+1) -> 0.24148607 | I273: =VLOOKUP($A273,temporalBoundaries!$A$1:$E$470,4,FALSE()) -> 12010118 | J273: =VLOOKUP($A273,temporalBoundaries!$A$1:$E$470,5,FALSE()) -> 15230723
A274: AT-HHStA/WienKoeklOSCI | B274: 78 | C274: 48 | D274: =100/B274*C274 -> 61.538462 | E274: =VLOOKUP(A274,temporalBoundaries!$A$2:$G$500,2,FALSE()) -> 1583 | F274: =VLOOKUP(A274,temporalBoundaries!$A$2:$G$500,3,FALSE()) -> 1779 | G274: =F274-E274 -> 196 | H274: =B274/(G274+1) -> 0.39593909 | I274: =VLOOKUP($A274,temporalBoundaries!$A$1:$E$470,4,FALSE()) -> 15830507 | J274: =VLOOKUP($A274,temporalBoundaries!$A$1:$E$470,5,FALSE()) -> 17790205
A275: IT-ASFi/DNPistoiaSDomenico | B275: 79 | C275: 0 | D275: =100/B275*C275 -> 0 | E275: =VLOOKUP(A275,temporalBoundaries!$A$2:$G$500,2,FALSE()) -> 1255 | F275: =VLOOKUP(A275,temporalBoundaries!$A$2:$G$500,3,FALSE()) -> 1397 | G275: =F275-E275 -> 142 | H275: =B275/(G275+1) -> 0.55244755 | I275: =VLOOKUP($A275,temporalBoundaries!$A$1:$E$470,4,FALSE()) -> 12550323 | J275: =VLOOKUP($A275,temporalBoundaries!$A$1:$E$470,5,FALSE()) -> 13971104
A276: IT-ASFi/DNGimignanoSMariaRomite | B276: 82 | C276: 0 | D276: =100/B276*C276 -> 0 | E276: =VLOOKUP(A276,temporalBoundaries!$A$2:$G$500,2,FALSE()) -> 1197 | F276: =VLOOKUP(A276,temporalBoundaries!$A$2:$G$500,3,FALSE()) -> 1394 | G276: =F276-E276 -> 197 | H276: =B276/(G276+1) -> 0.41414141 | I276: =VLOOKUP($A276,temporalBoundaries!$A$1:$E$470,4,FALSE()) -> 11970325 | J276: =VLOOKUP($A276,temporalBoundaries!$A$1:$E$470,5,FALSE()) -> 13940429
A277: IT-ASFi/DNFirenzeSMartino | B277: 82 | C277: 0 | D277: =100/B277*C277 -> 0 | E277: =VLOOKUP(A277,temporalBoundaries!$A$2:$G$500,2,FALSE()) -> 1295 | F277: =VLOOKUP(A277,temporalBoundaries!$A$2:$G$500,3,FALSE()) -> 1397 | G277: =F277-E277 -> 102 | H277: =B277/(G277+1) -> 0.7961165 | I277: =VLOOKUP($A277,temporalBoundaries!$A$1:$E$470,4,FALSE()) -> 12951006 | J277: =VLOOKUP($A277,temporalBoundaries!$A$1:$E$470,5,FALSE()) -> 13971212
... A319: IT-ASFi/DNArcetri | B319: 150 | C319: 0 | D319: =100/B319*C319 -> 0 | E319: =VLOOKUP(A319,temporalBoundaries!$A$2:$G$500,2,FALSE()) -> 1224 | F319: =VLOOKUP(A319,temporalBoundaries!$A$2:$G$500,3,FALSE()) -> 1396 | G319: =F319-E319 -> 172 | H319: =B319/(G319+1) -> 0.86705202 | I319: =VLOOKUP($A319,temporalBoundaries!$A$1:$E$470,4,FALSE()) -> 12240513 | J319: =VLOOKUP($A319,temporalBoundaries!$A$1:$E$470,5,FALSE()) -> 13960428
A320: CZ-NA/AZK%7CPlasy | B320: 154 | C320: 153 | D320: =100/B320*C320 -> 99.350649 | E320: =VLOOKUP(A320,temporalBoundaries!$A$2:$G$500,2,FALSE()) -> 1252 | F320: =VLOOKUP(A320,temporalBoundaries!$A$2:$G$500,3,FALSE()) -> 1252 | G320: =F320-E320 -> 0 | H320: =B320/(G320+1) -> 154 | I320: =VLOOKUP($A320,temporalBoundaries!$A$1:$E$470,4,FALSE()) -> 12520201 | J320: =VLOOKUP($A320,temporalBoundaries!$A$1:$E$470,5,FALSE()) -> 12520201 | K320: To check dates
A321: IT-ASFi/DNArezzoDomenicani | B321: 160 | C321: 0 | D321: =100/B321*C321 -> 0 | E321: =VLOOKUP(A321,temporalBoundaries!$A$2:$G$500,2,FALSE()) -> 1203 | F321: =VLOOKUP(A321,temporalBoundaries!$A$2:$G$500,3,FALSE()) -> 1396 | G321: =F321-E321 -> 193 | H321: =B321/(G321+1) -> 0.82474227 | I321: =VLOOKUP($A321,temporalBoundaries!$A$1:$E$470,4,FALSE()) -> 12030228 | J321: =VLOOKUP($A321,temporalBoundaries!$A$1:$E$470,5,FALSE()) -> 13961018
A322: CZ-MZA/E03 | B322: 164 | C322: 159 | D322: =100/B322*C322 -> 96.95122 | E322: =VLOOKUP(A322,temporalBoundaries!$A$2:$G$500,2,FALSE()) -> 1332 | F322: =VLOOKUP(A322,temporalBoundaries!$A$2:$G$500,3,FALSE()) -> 1781 | G322: =F322-E322 -> 449 | H322: =B322/(G322+1) -> 0.36444444 | I322: =VLOOKUP($A322,temporalBoundaries!$A$1:$E$470,4,FALSE()) -> 13320713 | J322: =VLOOKUP($A322,temporalBoundaries!$A$1:$E$470,5,FALSE()) -> 17811115
A323: AT-StiAMt/MattseeCan | B323: 168 | C323: 0 | D323: =100/B323*C323 -> 0 | E323: =VLOOKUP(A323,temporalBoundaries!$A$2:$G$500,2,FALSE()) -> 860 | F323: =VLOOKUP(A323,temporalBoundaries!$A$2:$G$500,3,FALSE()) -> 1400 | G323: =F323-E323 -> 540 | H323: =B323/(G323+1) -> 0.31053604 | I323: =VLOOKUP($A323,temporalBoundaries!$A$1:$E$470,4,FALSE()) -> 8600508 | J323: =VLOOKUP($A323,temporalBoundaries!$A$1:$E$470,5,FALSE()) -> 14001129
A324: IT-ASFi/DNFirenzeSNiccolo | B324: 173 | C324: 0 | D324: =100/B324*C324 -> 0 | E324: =VLOOKUP(A324,temporalBoundaries!$A$2:$G$500,2,FALSE()) -> 1183 | F324: =VLOOKUP(A324,temporalBoundaries!$A$2:$G$500,3,FALSE()) -> 1394 | G324: =F324-E324 -> 211 | H324: =B324/(G324+1) -> 0.81603774 | I324: =VLOOKUP($A324,temporalBoundaries!$A$1:$E$470,4,FALSE()) -> 11830703 | J324: =VLOOKUP($A324,temporalBoundaries!$A$1:$E$470,5,FALSE()) -> 13941123
A325: DE-BayHStA/KUFormbach | B325: 176 | C325: 166 | D325: =100/B325*C325 -> 94.318182 | E325: =VLOOKUP(A325,temporalBoundaries!$A$2:$G$500,2,FALSE()) -> 1114 | F325: =VLOOKUP(A325,temporalBoundaries!$A$2:$G$500,3,FALSE()) -> 1792 | G325: =F325-E325 -> 678 | H325: =B325/(G325+1) -> 0.25920471 | I325: =VLOOKUP($A325,temporalBoundaries!$A$1:$E$470,4,FALSE()) -> 11141231 | J325: =VLOOKUP($A325,temporalBoundaries!$A$1:$E$470,5,FALSE()) -> 17920522
A326: AT-StiAStP/EUK | B326: 176 | C326: 173 | D326: =100/B326*C326 -> 98.295455 | E326: =VLOOKUP(A326,temporalBoundaries!$A$2:$G$500,2,FALSE()) -> 1106 | F326: =VLOOKUP(A326,temporalBoundaries!$A$2:$G$500,3,FALSE()) -> 1780 | G326: =F326-E326 -> 674 | H326: =B326/(G326+1) -> 0.26074074 | I326: =VLOOKUP($A326,temporalBoundaries!$A$1:$E$470,4,FALSE()) -> 11069999 | J326: =VLOOKUP($A326,temporalBoundaries!$A$1:$E$470,5,FALSE()) -> 17800603
A327: DE-UAHD/LambrechtKloster | B327: 180 | C327: 180 | D327: =100/B327*C327 -> 100 | E327: =VLOOKUP(A327,temporalBoundaries!$A$2:$G$500,2,FALSE()) -> 1244 | F327: =VLOOKUP(A327,temporalBoundaries!$A$2:$G$500,3,FALSE()) -> 1552 | G327: =F327-E327 -> 308 | H327: =B327/(G327+1) -> 0.58252427 | I327: =VLOOKUP($A327,temporalBoundaries!$A$1:$E$470,4,FALSE()) -> 12440415 | J327: =VLOOKUP($A327,temporalBoundaries!$A$1:$E$470,5,FALSE()) -> 15520114
A328: IT-ASFi/DNMontalcinoSAgostino | B328: 182 | C328: 0 | D328: =100/B328*C328 -> 0 | E328: =VLOOKUP(A328,temporalBoundaries!$A$2:$G$500,2,FALSE()) -> 1227 | F328: =VLOOKUP(A328,temporalBoundaries!$A$2:$G$500,3,FALSE()) -> 1394 | G328: =F328-E328 -> 167 | H328: =B328/(G328+1) -> 1.0833333 | I328: =VLOOKUP($A328,temporalBoundaries!$A$1:$E$470,4,FALSE()) -> 12270914 | J328: =VLOOKUP($A328,temporalBoundaries!$A$1:$E$470,5,FALSE()) -> 13940425
A329: IT-ASFi/DNFirenzeSFelicita | B329: 185 | C329: 0 | D329: =100/B329*C329 -> 0 | E329: =VLOOKUP(A329,temporalBoundaries!$A$2:$G$500,2,FALSE()) -> 1040 | F329: =VLOOKUP(A329,temporalBoundaries!$A$2:$G$500,3,FALSE()) -> 1397 | G329: =F329-E329 -> 357 | H329: =B329/(G329+1) -> 0.51675978 | I329: =VLOOKUP($A329,temporalBoundaries!$A$1:$E$470,4,FALSE()) -> 10401104 | J329: =VLOOKUP($A329,temporalBoundaries!$A$1:$E$470,5,FALSE()) -> 13970112
A330: IT-ASFi/DNPistoiaSmaAnnunziata | B330: 185 | C330: 0 | D330: =100/B330*C330 -> 0 | E330: =VLOOKUP(A330,temporalBoundaries!$A$2:$G$500,2,FALSE()) -> 1243 | F330: =VLOOKUP(A330,temporalBoundaries!$A$2:$G$500,3,FALSE()) -> 1398 | G330: =F330-E330 -> 155 | H330: =B330/(G330+1) -> 1.1858974 | I330: =VLOOKUP($A330,temporalBoundaries!$A$1:$E$470,4,FALSE()) -> 12430829 | J330: =VLOOKUP($A330,temporalBoundaries!$A$1:$E$470,5,FALSE()) -> 13980831
A331: AT-HHStA/ImbachOP | B331: 195 | C331: 177 | D331: =100/B331*C331 -> 90.769231 | E331: =VLOOKUP(A331,temporalBoundaries!$A$2:$G$500,2,FALSE()) -> 1273 | F331: =VLOOKUP(A331,temporalBoundaries!$A$2:$G$500,3,FALSE()) -> 1568 | G331: =F331-E331 -> 295 | H331: =B331/(G331+1) -> 0.65878378 | I331: =VLOOKUP($A331,temporalBoundaries!$A$1:$E$470,4,FALSE()) -> 12731219 | J331: =VLOOKUP($A331,temporalBoundaries!$A$1:$E$470,5,FALSE()) -> 15680401
A332: CZ-MZA/E55 | B332: 198 | C332: 197 | D332: =100/B332*C332 -> 99.494949 | E332: =VLOOKUP(A332,temporalBoundaries!$A$2:$G$500,2,FALSE()) -> 1200 | F332: =VLOOKUP(A332,temporalBoundaries!$A$2:$G$500,3,FALSE()) -> 1782 | G332: =F332-E332 -> 582 | H332: =B332/(G332+1) -> 0.33962264 | I332: =VLOOKUP($A332,temporalBoundaries!$A$1:$E$470,4,FALSE()) -> 12000901 | J332: =VLOOKUP($A332,temporalBoundaries!$A$1:$E$470,5,FALSE()) -> 17820604
... A358: DE-BayHStA/KUPassauStSalvator | B358: 361 | C358: 359 | D358: =100/B358*C358 -> 99.445983 | E358: =VLOOKUP(A358,temporalBoundaries!$A$2:$G$500,2,FALSE()) -> 1289 | F358: =VLOOKUP(A358,temporalBoundaries!$A$2:$G$500,3,FALSE()) -> 1904 | G358: =F358-E358 -> 615 | H358: =B358/(G358+1) -> 0.58603896 | I358: =VLOOKUP($A358,temporalBoundaries!$A$1:$E$470,4,FALSE()) -> 12890106 | J358: =VLOOKUP($A358,temporalBoundaries!$A$1:$E$470,5,FALSE()) -> 19040605
A359: AT-StiAHe/StAndraeCanReg | B359: 361 | C359: 334 | D359: =100/B359*C359 -> 92.520776 | E359: =VLOOKUP(A359,temporalBoundaries!$A$2:$G$500,2,FALSE()) -> 1372 | F359: =VLOOKUP(A359,temporalBoundaries!$A$2:$G$500,3,FALSE()) -> 1372 | G359: =F359-E359 -> 0 | H359: =B359/(G359+1) -> 361 | I359: =VLOOKUP($A359,temporalBoundaries!$A$1:$E$470,4,FALSE()) -> 13721111 | J359: =VLOOKUP($A359,temporalBoundaries!$A$1:$E$470,5,FALSE()) -> 13721111 | K359: To check dates
A360: CZ-SOAP/TeplaOPraem | B360: 370 | C360: 366 | D360: =100/B360*C360 -> 98.918919 | E360: =VLOOKUP(A360,temporalBoundaries!$A$2:$G$500,2,FALSE()) -> 1197 | F360: =VLOOKUP(A360,temporalBoundaries!$A$2:$G$500,3,FALSE()) -> 1908 | G360: =F360-E360 -> 711 | H360: =B360/(G360+1) -> 0.51966292 | I360: =VLOOKUP($A360,temporalBoundaries!$A$1:$E$470,4,FALSE()) -> 11970399 | J360: =VLOOKUP($A360,temporalBoundaries!$A$1:$E$470,5,FALSE()) -> 19080820
A361: AT-StiAGe/Urkunden | B361: 376 | C361: 205 | D361: =100/B361*C361 -> 54.521277 | E361: =VLOOKUP(A361,temporalBoundaries!$A$2:$G$500,2,FALSE()) -> 1188 | F361: =VLOOKUP(A361,temporalBoundaries!$A$2:$G$500,3,FALSE()) -> 1992 | G361: =F361-E361 -> 804 | H361: =B361/(G361+1) -> 0.46708075 | I361: =VLOOKUP($A361,temporalBoundaries!$A$1:$E$470,4,FALSE()) -> 11880101 | J361: =VLOOKUP($A361,temporalBoundaries!$A$1:$E$470,5,FALSE()) -> 19920914
A362: DE-BayHStA/KURanshofen | B362: 386 | C362: 253 | D362: =100/B362*C362 -> 65.544041 | E362: =VLOOKUP(A362,temporalBoundaries!$A$2:$G$500,2,FALSE()) -> 1212 | F362: =VLOOKUP(A362,temporalBoundaries!$A$2:$G$500,3,FALSE()) -> 1704 | G362: =F362-E362 -> 492 | H362: =B362/(G362+1) -> 0.78296146 | I362: =VLOOKUP($A362,temporalBoundaries!$A$1:$E$470,4,FALSE()) -> 12120111 | J362: =VLOOKUP($A362,temporalBoundaries!$A$1:$E$470,5,FALSE()) -> 17040412
A363: AT-StiAHe/DuernsteinOSCl | B363: 391 | C363: 347 | D363: =100/B363*C363 -> 88.746803 | E363: =VLOOKUP(A363,temporalBoundaries!$A$2:$G$500,2,FALSE()) -> 1340 | F363: =VLOOKUP(A363,temporalBoundaries!$A$2:$G$500,3,FALSE()) -> 1419 | G363: =F363-E363 -> 79 | H363: =B363/(G363+1) -> 4.8875 | I363: =VLOOKUP($A363,temporalBoundaries!$A$1:$E$470,4,FALSE()) -> 13400831 | J363: =VLOOKUP($A363,temporalBoundaries!$A$1:$E$470,5,FALSE()) -> 14190302
A364: AT-HHStA/TullnOP | B364: 394 | C364: 291 | D364: =100/B364*C364 -> 73.857868 | E364: =VLOOKUP(A364,temporalBoundaries!$A$2:$G$500,2,FALSE()) -> 1256 | F364: =VLOOKUP(A364,temporalBoundaries!$A$2:$G$500,3,FALSE()) -> 1752 | G364: =F364-E364 -> 496 | H364: =B364/(G364+1) -> 0.79275654 | I364: =VLOOKUP($A364,temporalBoundaries!$A$1:$E$470,4,FALSE()) -> 12569999 | J364: =VLOOKUP($A364,temporalBoundaries!$A$1:$E$470,5,FALSE()) -> 17520612
A365: CZ-MZA/E57 | B365: 395 | C365: 264 | D365: =100/B365*C365 -> 66.835443 | E365: =VLOOKUP(A365,temporalBoundaries!$A$2:$G$500,2,FALSE()) -> 1386 | F365: =VLOOKUP(A365,temporalBoundaries!$A$2:$G$500,3,FALSE()) -> 1508 | G365: =F365-E365 -> 122 | H365: =B365/(G365+1) -> 3.2113821 | I365: =VLOOKUP($A365,temporalBoundaries!$A$1:$E$470,4,FALSE()) -> 13860212 | J365: =VLOOKUP($A365,temporalBoundaries!$A$1:$E$470,5,FALSE()) -> 15080125
A366: AT-OOeLA/SpitalamPyhrnCan | B366: 427 | C366: 264 | D366: =100/B366*C366 -> 61.826698 | E366: =VLOOKUP(A366,temporalBoundaries!$A$2:$G$500,2,FALSE()) -> 1190 | F366: =VLOOKUP(A366,temporalBoundaries!$A$2:$G$500,3,FALSE()) -> 1798 | G366: =F366-E366 -> 608 | H366: =B366/(G366+1) -> 0.70114943 | I366: =VLOOKUP($A366,temporalBoundaries!$A$1:$E$470,4,FALSE()) -> 11901231 | J366: =VLOOKUP($A366,temporalBoundaries!$A$1:$E$470,5,FALSE()) -> 17980805
A367: IT-ASFi/DNMonticianoSSPietroPaolo | B367: 437 | C367: 0 | D367: =100/B367*C367 -> 0 | E367: =VLOOKUP(A367,temporalBoundaries!$A$2:$G$500,2,FALSE()) -> 1200 | F367: =VLOOKUP(A367,temporalBoundaries!$A$2:$G$500,3,FALSE()) -> 1397 | G367: =F367-E367 -> 197 | H367: =B367/(G367+1) -> 2.2070707 | I367: =VLOOKUP($A367,temporalBoundaries!$A$1:$E$470,4,FALSE()) -> 12001231 | J367: =VLOOKUP($A367,temporalBoundaries!$A$1:$E$470,5,FALSE()) -> 13970830
A368: IT-ASFi/DNFirenzeSApollonia | B368: 443 | C368: 0 | D368: =100/B368*C368 -> 0 | E368: =VLOOKUP(A368,temporalBoundaries!$A$2:$G$500,2,FALSE()) -> 989 | F368: =VLOOKUP(A368,temporalBoundaries!$A$2:$G$500,3,FALSE()) -> 1398 | G368: =F368-E368 -> 409 | H368: =B368/(G368+1) -> 1.0804878 | I368: =VLOOKUP($A368,temporalBoundaries!$A$1:$E$470,4,FALSE()) -> 9890331 | J368: =VLOOKUP($A368,temporalBoundaries!$A$1:$E$470,5,FALSE()) -> 13981016
A369: AT-StiAMB/MuellnOSA | B369: 445 | C369: 444 | D369: =100/B369*C369 -> 99.775281 | E369: =VLOOKUP(A369,temporalBoundaries!$A$2:$G$500,2,FALSE()) -> 1257 | F369: =VLOOKUP(A369,temporalBoundaries!$A$2:$G$500,3,FALSE()) -> 1799 | G369: =F369-E369 -> 542 | H369: =B369/(G369+1) -> 0.81952118 | I369: =VLOOKUP($A369,temporalBoundaries!$A$1:$E$470,4,FALSE()) -> 12570808 | J369: =VLOOKUP($A369,temporalBoundaries!$A$1:$E$470,5,FALSE()) -> 17990930
A370: AT-ATF/TirolOFM | B370: 462 | C370: 0 | D370: =100/B370*C370 -> 0 | E370: =VLOOKUP(A370,temporalBoundaries!$A$2:$G$500,2,FALSE()) -> 1229 | F370: =VLOOKUP(A370,temporalBoundaries!$A$2:$G$500,3,FALSE()) -> 1970 | G370: =F370-E370 -> 741 | H370: =B370/(G370+1) -> 0.62264151 | I370: =VLOOKUP($A370,temporalBoundaries!$A$1:$E$470,4,FALSE()) -> 12290220 | J370: =VLOOKUP($A370,temporalBoundaries!$A$1:$E$470,5,FALSE()) -> 19700409
A371: IT-ASFi/DNFirenzeSPancrazio | B371: 465 | C371: 0 | D371: =100/B371*C371 -> 0 | E371: =VLOOKUP(A371,temporalBoundaries!$A$2:$G$500,2,FALSE()) -> 1208 | F371: =VLOOKUP(A371,temporalBoundaries!$A$2:$G$500,3,FALSE()) -> 1398 | G371: =F371-E371 -> 190 | H371: =B371/(G371+1) -> 2.434555 | I371: =VLOOKUP($A371,temporalBoundaries!$A$1:$E$470,4,FALSE()) -> 12080826 | J371: =VLOOKUP($A371,temporalBoundaries!$A$1:$E$470,5,FALSE()) -> 13980728
... A403: IT-ASFi/DNSienaSVigilio | B403: 885 | C403: 0 | D403: =100/B403*C403 -> 0 | E403: =VLOOKUP(A403,temporalBoundaries!$A$2:$G$500,2,FALSE()) -> 1030 | F403: =VLOOKUP(A403,temporalBoundaries!$A$2:$G$500,3,FALSE()) -> 1397 | G403: =F403-E403 -> 367 | H403: =B403/(G403+1) -> 2.4048913 | I403: =VLOOKUP($A403,temporalBoundaries!$A$1:$E$470,4,FALSE()) -> 10300331 | J403: =VLOOKUP($A403,temporalBoundaries!$A$1:$E$470,5,FALSE()) -> 13970130
A404: AT-HHStA/GamingOCart | B404: 887 | C404: 610 | D404: =100/B404*C404 -> 68.771139 | E404: =VLOOKUP(A404,temporalBoundaries!$A$2:$G$500,2,FALSE()) -> 1356 | F404: =VLOOKUP(A404,temporalBoundaries!$A$2:$G$500,3,FALSE()) -> 1356 | G404: =F404-E404 -> 0 | H404: =B404/(G404+1) -> 887 | I404: =VLOOKUP($A404,temporalBoundaries!$A$1:$E$470,4,FALSE()) -> 13560601 | J404: =VLOOKUP($A404,temporalBoundaries!$A$1:$E$470,5,FALSE()) -> 13560601 | K404: To check dates
A405: AT-StiARein/ReinOCist | B405: 896 | C405: 872 | D405: =100/B405*C405 -> 97.321429 | E405: =VLOOKUP(A405,temporalBoundaries!$A$2:$G$500,2,FALSE()) -> 10 | F405: =VLOOKUP(A405,temporalBoundaries!$A$2:$G$500,3,FALSE()) -> 0 | G405: =F405-E405 -> -10 | H405: =B405/(G405+1) -> -99.555556 | I405: =VLOOKUP($A405,temporalBoundaries!$A$1:$E$470,4,FALSE()) -> 10000 | J405: =VLOOKUP($A405,temporalBoundaries!$A$1:$E$470,5,FALSE()) -> 16001223
A406: DE-BayHStA/KUAltenhohenau | B406: 900 | C406: 835 | D406: =100/B406*C406 -> 92.777778 | E406: =VLOOKUP(A406,temporalBoundaries!$A$2:$G$500,2,FALSE()) -> 1214 | F406: =VLOOKUP(A406,temporalBoundaries!$A$2:$G$500,3,FALSE()) -> 1800 | G406: =F406-E406 -> 586 | H406: =B406/(G406+1) -> 1.5332198 | I406: =VLOOKUP($A406,temporalBoundaries!$A$1:$E$470,4,FALSE()) -> 12140906 | J406: =VLOOKUP($A406,temporalBoundaries!$A$1:$E$470,5,FALSE()) -> 18000526
A407: ES-AHN/MonasterioSantaMariaMelon | B407: 904 | C407: 904 | D407: =100/B407*C407 -> 100 | E407: =VLOOKUP(A407,temporalBoundaries!$A$2:$G$500,2,FALSE()) -> 963 | F407: =VLOOKUP(A407,temporalBoundaries!$A$2:$G$500,3,FALSE()) -> 1717 | G407: =F407-E407 -> 754 | H407: =B407/(G407+1) -> 1.197351 | I407: =VLOOKUP($A407,temporalBoundaries!$A$1:$E$470,4,FALSE()) -> 9630624 | J407: =VLOOKUP($A407,temporalBoundaries!$A$1:$E$470,5,FALSE()) -> 17170605
A408: IT-ASFi/DNColtibuonoSLorenzo | B408: 904 | C408: 0 | D408: =100/B408*C408 -> 0 | E408: =VLOOKUP(A408,temporalBoundaries!$A$2:$G$500,2,FALSE()) -> 943 | F408: =VLOOKUP(A408,temporalBoundaries!$A$2:$G$500,3,FALSE()) -> 1398 | G408: =F408-E408 -> 455 | H408: =B408/(G408+1) -> 1.9824561 | I408: =VLOOKUP($A408,temporalBoundaries!$A$1:$E$470,4,FALSE()) -> 9431231 | J408: =VLOOKUP($A408,temporalBoundaries!$A$1:$E$470,5,FALSE()) -> 13980809
A409: AT-StiAK/StDorotheaCanReg | B409: 905 | C409: 601 | D409: =100/B409*C409 -> 66.40884 | E409: =VLOOKUP(A409,temporalBoundaries!$A$2:$G$500,2,FALSE()) -> 1396 | F409: =VLOOKUP(A409,temporalBoundaries!$A$2:$G$500,3,FALSE()) -> 1607 | G409: =F409-E409 -> 211 | H409: =B409/(G409+1) -> 4.2688679 | I409: =VLOOKUP($A409,temporalBoundaries!$A$1:$E$470,4,FALSE()) -> 13960000 | J409: =VLOOKUP($A409,temporalBoundaries!$A$1:$E$470,5,FALSE()) -> 16070228
A410: IT-ASFi/DNFirenzeSMiniato | B410: 928 | C410: 0 | D410: =100/B410*C410 -> 0 | E410: =VLOOKUP(A410,temporalBoundaries!$A$2:$G$500,2,FALSE()) -> 960 | F410: =VLOOKUP(A410,temporalBoundaries!$A$2:$G$500,3,FALSE()) -> 1398 | G410: =F410-E410 -> 438 | H410: =B410/(G410+1) -> 2.1138952 | I410: =VLOOKUP($A410,temporalBoundaries!$A$1:$E$470,4,FALSE()) -> 9600424 | J410: =VLOOKUP($A410,temporalBoundaries!$A$1:$E$470,5,FALSE()) -> 13981017
A411: ES-AHN/MonasterioSantaMariadeOseira | B411: 951 | C411: 951 | D411: =100/B411*C411 -> 100 | E411: =VLOOKUP(A411,temporalBoundaries!$A$2:$G$500,2,FALSE()) -> 1025 | F411: =VLOOKUP(A411,temporalBoundaries!$A$2:$G$500,3,FALSE()) -> 1680 | G411: =F411-E411 -> 655 | H411: =B411/(G411+1) -> 1.4496951 | I411: =VLOOKUP($A411,temporalBoundaries!$A$1:$E$470,4,FALSE()) -> 10250831 | J411: =VLOOKUP($A411,temporalBoundaries!$A$1:$E$470,5,FALSE()) -> 16800415
A412: CZ-NA/RKr | B412: 962 | C412: 962 | D412: =100/B412*C412 -> 100 | E412: =VLOOKUP(A412,temporalBoundaries!$A$2:$G$500,2,FALSE()) -> 1274 | F412: =VLOOKUP(A412,temporalBoundaries!$A$2:$G$500,3,FALSE()) -> 1578 | G412: =F412-E412 -> 304 | H412: =B412/(G412+1) -> 3.1540984 | I412: =VLOOKUP($A412,temporalBoundaries!$A$1:$E$470,4,FALSE()) -> 12740310 | J412: =VLOOKUP($A412,temporalBoundaries!$A$1:$E$470,5,FALSE()) -> 15780229
A413: AT-StiAScho/SchottenOSB | B413: 967 | C413: 502 | D413: =100/B413*C413 -> 51.913133 | E413: =VLOOKUP(A413,temporalBoundaries!$A$2:$G$500,2,FALSE()) -> 1288 | F413: =VLOOKUP(A413,temporalBoundaries!$A$2:$G$500,3,FALSE()) -> 1451 | G413: =F413-E413 -> 163 | H413: =B413/(G413+1) -> 5.8963415 | I413: =VLOOKUP($A413,temporalBoundaries!$A$1:$E$470,4,FALSE()) -> 12881125 | J413: =VLOOKUP($A413,temporalBoundaries!$A$1:$E$470,5,FALSE()) -> 14510227
A414: IT-ASFi/DNFirenzeSMariaDegliAngioli | B414: 979 | C414: 0 | D414: =100/B414*C414 -> 0 | E414: =VLOOKUP(A414,temporalBoundaries!$A$2:$G$500,2,FALSE()) -> 1047 | F414: =VLOOKUP(A414,temporalBoundaries!$A$2:$G$500,3,FALSE()) -> 1398 | G414: =F414-E414 -> 351 | H414: =B414/(G414+1) -> 2.78125 | I414: =VLOOKUP($A414,temporalBoundaries!$A$1:$E$470,4,FALSE()) -> 10470103 | J414: =VLOOKUP($A414,temporalBoundaries!$A$1:$E$470,5,FALSE()) -> 13981128
A415: AT-StiAA/Urkunden | B415: 987 | C415: 523 | D415: =100/B415*C415 -> 52.988855 | E415: =VLOOKUP(A415,temporalBoundaries!$A$2:$G$500,2,FALSE()) -> 1144 | F415: =VLOOKUP(A415,temporalBoundaries!$A$2:$G$500,3,FALSE()) -> 1788 | G415: =F415-E415 -> 644 | H415: =B415/(G415+1) -> 1.5302326 | I415: =VLOOKUP($A415,temporalBoundaries!$A$1:$E$470,4,FALSE()) -> 11440725 | J415: =VLOOKUP($A415,temporalBoundaries!$A$1:$E$470,5,FALSE()) -> 17880616
A416: IT-ASFi/DNPistoiaSBenedetto | B416: 995 | C416: 0 | D416: =100/B416*C416 -> 0 | E416: =VLOOKUP(A416,temporalBoundaries!$A$2:$G$500,2,FALSE()) -> 1019 | F416: =VLOOKUP(A416,temporalBoundaries!$A$2:$G$500,3,FALSE()) -> 1398 | G416: =F416-E416 -> 379 | H416: =B416/(G416+1) -> 2.6184211 | I416: =VLOOKUP($A416,temporalBoundaries!$A$1:$E$470,4,FALSE()) -> 10191213 | J416: =VLOOKUP($A416,temporalBoundaries!$A$1:$E$470,5,FALSE()) -> 13981223
... A438: AT-StiALi/LilienfeldOCist | B438: 1604 | C438: 1074 | D438: =100/B438*C438 -> 66.957606 | E438: =VLOOKUP(A438,temporalBoundaries!$A$2:$G$500,2,FALSE()) -> 1227 | F438: =VLOOKUP(A438,temporalBoundaries!$A$2:$G$500,3,FALSE()) -> 1719 | G438: =F438-E438 -> 492 | H438: =B438/(G438+1) -> 3.2535497 | I438: =VLOOKUP($A438,temporalBoundaries!$A$1:$E$470,4,FALSE()) -> 12270801 | J438: =VLOOKUP($A438,temporalBoundaries!$A$1:$E$470,5,FALSE()) -> 17190217
A439: DE-StAAm/Waldsassen | B439: 1607 | C439: 1607 | D439: =100/B439*C439 -> 100 | E439: =VLOOKUP(A439,temporalBoundaries!$A$2:$G$500,2,FALSE()) -> 1223 | F439: =VLOOKUP(A439,temporalBoundaries!$A$2:$G$500,3,FALSE()) -> 1223 | G439: =F439-E439 -> 0 | H439: =B439/(G439+1) -> 1607 | I439: =VLOOKUP($A439,temporalBoundaries!$A$1:$E$470,4,FALSE()) -> 12230201 | J439: =VLOOKUP($A439,temporalBoundaries!$A$1:$E$470,5,FALSE()) -> 12230201 | K439: To check dates
A440: DE-StAW/EbrachOCist | B440: 1632 | C440: 0 | D440: =100/B440*C440 -> 0 | E440: =VLOOKUP(A440,temporalBoundaries!$A$2:$G$500,2,FALSE()) -> 1194 | F440: =VLOOKUP(A440,temporalBoundaries!$A$2:$G$500,3,FALSE()) -> 1803 | G440: =F440-E440 -> 609 | H440: =B440/(G440+1) -> 2.6754098 | I440: =VLOOKUP($A440,temporalBoundaries!$A$1:$E$470,4,FALSE()) -> 11940102 | J440: =VLOOKUP($A440,temporalBoundaries!$A$1:$E$470,5,FALSE()) -> 18030120
A441: DE-BayHStA/KUMuenchenAngerkloster | B441: 1686 | C441: 1629 | D441: =100/B441*C441 -> 96.619217 | E441: =VLOOKUP(A441,temporalBoundaries!$A$2:$G$500,2,FALSE()) -> 1268 | F441: =VLOOKUP(A441,temporalBoundaries!$A$2:$G$500,3,FALSE()) -> 1791 | G441: =F441-E441 -> 523 | H441: =B441/(G441+1) -> 3.2175573 | I441: =VLOOKUP($A441,temporalBoundaries!$A$1:$E$470,4,FALSE()) -> 12680207 | J441: =VLOOKUP($A441,temporalBoundaries!$A$1:$E$470,5,FALSE()) -> 17910724
A442: DE-StAW/Neumuenster | B442: 1714 | C442: 0 | D442: =100/B442*C442 -> 0 | E442: =VLOOKUP(A442,temporalBoundaries!$A$2:$G$500,2,FALSE()) -> 1054 | F442: =VLOOKUP(A442,temporalBoundaries!$A$2:$G$500,3,FALSE()) -> 1801 | G442: =F442-E442 -> 747 | H442: =B442/(G442+1) -> 2.2914439 | I442: =VLOOKUP($A442,temporalBoundaries!$A$1:$E$470,4,FALSE()) -> 10540710 | J442: =VLOOKUP($A442,temporalBoundaries!$A$1:$E$470,5,FALSE()) -> 18010917
A443: IT-ASFi/DNFirenzeSMariaDellaBadia | B443: 1727 | C443: 0 | D443: =100/B443*C443 -> 0 | E443: =VLOOKUP(A443,temporalBoundaries!$A$2:$G$500,2,FALSE()) -> 969 | F443: =VLOOKUP(A443,temporalBoundaries!$A$2:$G$500,3,FALSE()) -> 1398 | G443: =F443-E443 -> 429 | H443: =B443/(G443+1) -> 4.0162791 | I443: =VLOOKUP($A443,temporalBoundaries!$A$1:$E$470,4,FALSE()) -> 9690708 | J443: =VLOOKUP($A443,temporalBoundaries!$A$1:$E$470,5,FALSE()) -> 13981227
A444: DE-GLAK/GLAK_34 | B444: 1798 | C444: 1746 | D444: =100/B444*C444 -> 97.107898 | E444: =VLOOKUP(A444,temporalBoundaries!$A$2:$G$500,2,FALSE()) -> 1200 | F444: =VLOOKUP(A444,temporalBoundaries!$A$2:$G$500,3,FALSE()) -> 1796 | G444: =F444-E444 -> 596 | H444: =B444/(G444+1) -> 3.0117253 | I444: =VLOOKUP($A444,temporalBoundaries!$A$1:$E$470,4,FALSE()) -> 12000409 | J444: =VLOOKUP($A444,temporalBoundaries!$A$1:$E$470,5,FALSE()) -> 17960807
A445: DE-BayHStA/KURaitenhaslach | B445: 1810 | C445: 1424 | D445: =100/B445*C445 -> 78.674033 | E445: =VLOOKUP(A445,temporalBoundaries!$A$2:$G$500,2,FALSE()) -> 1203 | F445: =VLOOKUP(A445,temporalBoundaries!$A$2:$G$500,3,FALSE()) -> 1520 | G445: =F445-E445 -> 317 | H445: =B445/(G445+1) -> 5.6918239 | I445: =VLOOKUP($A445,temporalBoundaries!$A$1:$E$470,4,FALSE()) -> 12030327 | J445: =VLOOKUP($A445,temporalBoundaries!$A$1:$E$470,5,FALSE()) -> 15200821
...

Sheet temporalBoundaries
A1: fondsid | B1: from_year | C1: to_year | D1: Orden | E1: m/f | F1: from | G1: to | H1: Diff | I1: ToDo
A2: AT-StiARein/ReinOCist | B2: =FLOOR(F2/1000,1) -> 10 | D2: =VLOOKUP(A2,fonds!$B$2:$F$495,4,FALSE()) -> 10000 | E2: =VLOOKUP($A2,fonds!$B$2:$F$495,5,FALSE()) -> 16001223 | F2: 10000 | G2: 16001223 | H2: =G2-F2 -> 15991223 | I2: To Clean up
A3: DE-BayHStA/KUFrauenchiemsee | B3: =FLOOR(F3/1000,1) -> 1640 | D3: =VLOOKUP(A3,fonds!$B$2:$F$495,4,FALSE()) -> 1640729 | E3: =VLOOKUP($A3,fonds!$B$2:$F$495,5,FALSE()) -> 17930129 | F3: 1640729 | G3: 17930129 | H3: =G3-F3 -> 16289400 | I3: To Clean up
A4: IT-ASFi/DNPistoiaSBartolomeo | B4: =FLOOR(F4/10000,1) -> 748 | C4: =FLOOR(G4/10000,1) -> 1398 | D4: =VLOOKUP(A4,fonds!$B$2:$F$495,4,FALSE()) -> 7480908 | E4: =VLOOKUP($A4,fonds!$B$2:$F$495,5,FALSE()) -> 13980413 | F4: 7480908 | G4: 13980413 | H4: =G4-F4 -> 6499505
A5: IT-ASFi/DNVallombrosaSMariaDAcquabella | B5: =FLOOR(F5/10000,1) -> 790 | C5: =FLOOR(G5/10000,1) -> 1398 | D5: =VLOOKUP(A5,fonds!$B$2:$F$495,4,FALSE()) -> 7900714 | E5: =VLOOKUP($A5,fonds!$B$2:$F$495,5,FALSE()) -> 13980723 | F5: 7900714 | G5: 13980723 | H5: =G5-F5 -> 6080009
A6: DE-BayHStA/KUNiederaltaich | B6: =FLOOR(F6/10000,1) -> 790 | C6: =FLOOR(G6/10000,1) -> 1801 | D6: =VLOOKUP(A6,fonds!$B$2:$F$495,4,FALSE()) -> 7909999 | E6: =VLOOKUP($A6,fonds!$B$2:$F$495,5,FALSE()) -> 18011031 | F6: 7909999 | G6: 18011031 | H6: =G6-F6 -> 10101032
A7: DE-BayHStA/KURegensburgStEmmeram | B7: =FLOOR(F7/10000,1) -> 794 | C7: =FLOOR(G7/10000,1) -> 1800 | D7: =VLOOKUP(A7,fonds!$B$2:$F$495,4,FALSE()) -> 7940222 | E7: =VLOOKUP($A7,fonds!$B$2:$F$495,5,FALSE()) -> 18000125 | F7: 7940222 | G7: 18000125 | H7: =G7-F7 -> 10059903
A8: IT-ASFi/DNFirenzeSFrediano | B8: =FLOOR(F8/10000,1) -> 816 | C8: =FLOOR(G8/10000,1) -> 1398 | D8: =VLOOKUP(A8,fonds!$B$2:$F$495,4,FALSE()) -> 8161117 | E8: =VLOOKUP($A8,fonds!$B$2:$F$495,5,FALSE()) -> 13981114 | F8: 8161117 | G8: 13981114 | H8: =G8-F8 -> 5819997
A9: AT-HHStA/LindauCan | B9: =FLOOR(F9/10000,1) -> 839 | C9: =FLOOR(G9/10000,1) -> 839 | D9: =VLOOKUP(A9,fonds!$B$2:$F$495,4,FALSE()) -> 8390421 | E9: =VLOOKUP($A9,fonds!$B$2:$F$495,5,FALSE()) -> 8390421 | F9: 8390421 | G9: 8390421 | H9: =G9-F9 -> 0
A10: AT-StiAMt/MattseeCan | B10: =FLOOR(F10/10000,1) -> 860 | C10: =FLOOR(G10/10000,1) -> 1400 | D10: =VLOOKUP(A10,fonds!$B$2:$F$495,4,FALSE()) -> 8600508 | E10: =VLOOKUP($A10,fonds!$B$2:$F$495,5,FALSE()) -> 14001129 | F10: 8600508 | G10: 14001129 | H10: =G10-F10 -> 5400621
A11: CH-StiASG/StiAPfae | B11: =FLOOR(F11/10000,1) -> 861 | C11: =FLOOR(G11/10000,1) -> 1500 | D11: =VLOOKUP(A11,fonds!$B$2:$F$495,4,FALSE()) -> 8610306 | E11: =VLOOKUP($A11,fonds!$B$2:$F$495,5,FALSE()) -> 15001103 | F11: 8610306 | G11: 15001103 | H11: =G11-F11 -> 6390797
A12: IT-ASFi/DNPassignanoSMichele | B12: =FLOOR(F12/10000,1) -> 884 | C12: =FLOOR(G12/10000,1) -> 1390 | D12: =VLOOKUP(A12,fonds!$B$2:$F$495,4,FALSE()) -> 8840331 | E12: =VLOOKUP($A12,fonds!$B$2:$F$495,5,FALSE()) -> 13900930 | F12: 8840331 | G12: 13900930 | H12: =G12-F12 -> 5060599
A13: ES-AHN/MonasterioSanSalvadordeLerez | B13: =FLOOR(F13/10000,1) -> 886 | C13: =FLOOR(G13/10000,1) -> 1600 | D13: =VLOOKUP(A13,fonds!$B$2:$F$495,4,FALSE()) -> 8860817 | E13: =VLOOKUP($A13,fonds!$B$2:$F$495,5,FALSE()) -> 16000621 | F13: 8860817 | G13: 16000621 | H13: =G13-F13 -> 7139804
A14: AT-HHStA/TraunseeOSB | B14: =FLOOR(F14/10000,1) -> 909 | C14: =FLOOR(G14/10000,1) -> 909 | D14: =VLOOKUP(A14,fonds!$B$2:$F$495,4,FALSE()) -> 9090219 | E14: =VLOOKUP($A14,fonds!$B$2:$F$495,5,FALSE()) -> 9090219 | F14: 9090219 | G14: 9090219 | H14: =G14-F14 -> 0 | I14: To Clean up
A15: IT-ASNA/SGA | B15: =FLOOR(F15/10000,1) -> 911 | C15: =FLOOR(G15/10000,1) -> 1675 | D15: =VLOOKUP(A15,fonds!$B$2:$F$495,4,FALSE()) -> 9110327 | E15: =VLOOKUP($A15,fonds!$B$2:$F$495,5,FALSE()) -> 16750108 | F15: 9110327 | G15: 16750108 | H15: =G15-F15 -> 7639781
A16: ES-AHN/MonasterioSantoEstevo | B16: =FLOOR(F16/10000,1) -> 921 | C16: =FLOOR(G16/10000,1) -> 1686 | D16: =VLOOKUP(A16,fonds!$B$2:$F$495,4,FALSE()) -> 9211012 | E16: =VLOOKUP($A16,fonds!$B$2:$F$495,5,FALSE()) -> 16860820 | F16: 9211012 | G16: 16860820 | H16: =G16-F16 -> 7649808
A17: IT-ASFi/DNColtibuonoSLorenzo | B17: =FLOOR(F17/10000,1) -> 943 | C17: =FLOOR(G17/10000,1) -> 1398 | D17: =VLOOKUP(A17,fonds!$B$2:$F$495,4,FALSE()) -> 9431231 | E17: =VLOOKUP($A17,fonds!$B$2:$F$495,5,FALSE()) -> 13980809 | F17: 9431231 | G17: 13980809 | H17: =G17-F17 -> 4549578
A18: IT-ASFi/DNPistoiaSMercuriale | B18: =FLOOR(F18/10000,1) -> 945 | C18: =FLOOR(G18/10000,1) -> 1395 | D18: =VLOOKUP(A18,fonds!$B$2:$F$495,4,FALSE()) -> 9451115 | E18: =VLOOKUP($A18,fonds!$B$2:$F$495,5,FALSE()) -> 13950108 | F18: 9451115 | G18: 13950108 | H18: =G18-F18 -> 4498993
A19: ES-AHN/MonasterioSanSalvadordeCelanova | B19: =FLOOR(F19/10000,1) -> 951 | C19: =FLOOR(G19/10000,1) -> 1631 | D19: =VLOOKUP(A19,fonds!$B$2:$F$495,4,FALSE()) -> 9510825 | E19: =VLOOKUP($A19,fonds!$B$2:$F$495,5,FALSE()) -> 16310717 | F19: 9510825 | G19: 16310717 | H19: =G19-F19 -> 6799892
A20: IT-ASFi/DNFirenzeSMiniato | B20: =FLOOR(F20/10000,1) -> 960 | C20: =FLOOR(G20/10000,1) -> 1398 | D20: =VLOOKUP(A20,fonds!$B$2:$F$495,4,FALSE()) -> 9600424 | E20: =VLOOKUP($A20,fonds!$B$2:$F$495,5,FALSE()) -> 13981017 | F20: 9600424 | G20: 13981017 | H20: =G20-F20 -> 4380593
A21: ES-AHN/MonasterioSantaMariaMelon | B21: =FLOOR(F21/10000,1) -> 963 | C21: =FLOOR(G21/10000,1) -> 1717 | D21: =VLOOKUP(A21,fonds!$B$2:$F$495,4,FALSE()) -> 9630624 | E21: =VLOOKUP($A21,fonds!$B$2:$F$495,5,FALSE()) -> 17170605 | F21: 9630624 | G21: 17170605 | H21: =G21-F21 -> 7539981
A22: IT-ASFi/DNFirenzeSMariaDellaBadia | B22: =FLOOR(F22/10000,1) -> 969 | C22: =FLOOR(G22/10000,1) -> 1398 | D22: =VLOOKUP(A22,fonds!$B$2:$F$495,4,FALSE()) -> 9690708 | E22: =VLOOKUP($A22,fonds!$B$2:$F$495,5,FALSE()) -> 13981227 | F22: 9690708 | G22: 13981227 | H22: =G22-F22 -> 4290519
A23: HR-DAZD/336 | B23: =FLOOR(F23/10000,1) -> 986 | C23: =FLOOR(G23/10000,1) -> 1377 | D23: =VLOOKUP(A23,fonds!$B$2:$F$495,4,FALSE()) -> 9861219 | E23: =VLOOKUP($A23,fonds!$B$2:$F$495,5,FALSE()) -> 13770510 | F23: 9861219 | G23: 13770510 | H23: =G23-F23 -> 3909291
A24: IT-ASFi/DNFirenzeSApollonia | B24: =FLOOR(F24/10000,1) -> 989 | C24: =FLOOR(G24/10000,1) -> 1398 | D24: =VLOOKUP(A24,fonds!$B$2:$F$495,4,FALSE()) -> 9890331 | E24: =VLOOKUP($A24,fonds!$B$2:$F$495,5,FALSE()) -> 13981016 | F24: 9890331 | G24: 13981016 | H24: =G24-F24 -> 4090685
A25: CZ-NA/RBB | B25: =FLOOR(F25/10000,1) -> 993 | C25: =FLOOR(G25/10000,1) -> 1948 | D25: =VLOOKUP(A25,fonds!$B$2:$F$495,4,FALSE()) -> 9930114 | E25: =VLOOKUP($A25,fonds!$B$2:$F$495,5,FALSE()) -> 19480408 | F25: 9930114 | G25: 19480408 | H25: =G25-F25 -> 9550294
A26: AT-StiAL/LambachOSB | B26: =FLOOR(F26/10000,1) -> 993 | C26: =FLOOR(G26/10000,1) -> 1600 | D26: =VLOOKUP(A26,fonds!$B$2:$F$495,4,FALSE()) -> 9931231 | E26: =VLOOKUP($A26,fonds!$B$2:$F$495,5,FALSE()) -> 16001211 | F26: 9931231 | G26: 16001211 | H26: =G26-F26 -> 6069980
... A29: DE-BAH/UrkStMi | B29: =FLOOR(F29/10000,1) -> 1001 | C29: =FLOOR(G29/10000,1) -> 1801 | D29: =VLOOKUP(A29,fonds!$B$2:$F$495,4,FALSE()) -> 10019999 | E29: =VLOOKUP($A29,fonds!$B$2:$F$495,5,FALSE()) -> 18010602 | F29: 10019999 | G29: 18010602 | H29: =G29-F29 -> 7990603
A30: AT-StiASF/StFlorianCanReg | B30: =FLOOR(F30/10000,1) -> 1002 | C30: =FLOOR(G30/10000,1) -> 1002 | D30: =VLOOKUP(A30,fonds!$B$2:$F$495,4,FALSE()) -> 10020720 | E30: =VLOOKUP($A30,fonds!$B$2:$F$495,5,FALSE()) -> 10020720 | F30: 10020720 | G30: 10020720 | H30: =G30-F30 -> 0 | I30: To Clean up
A31: AT-StiAK/KlosterneuburgCanReg | B31: =FLOOR(F31/10000,1) -> 1002 | C31: =FLOOR(G31/10000,1) -> 1730 | D31: =VLOOKUP(A31,fonds!$B$2:$F$495,4,FALSE()) -> 10021101 | E31: =VLOOKUP($A31,fonds!$B$2:$F$495,5,FALSE()) -> 17300613 | F31: 10021101 | G31: 17300613 | H31: =G31-F31 -> 7279512
A32: AT-StiASP/Urkunden | B32: =FLOOR(F32/10000,1) -> 1005 | C32: =FLOOR(G32/10000,1) -> 1981 | D32: =VLOOKUP(A32,fonds!$B$2:$F$495,4,FALSE()) -> 10051207 | E32: =VLOOKUP($A32,fonds!$B$2:$F$495,5,FALSE()) -> 19810403 | F32: 10051207 | G32: 19810403 | H32: =G32-F32 -> 9759196
A33: AT-StiAAdm/Urkunden | B33: =FLOOR(F33/10000,1) -> 1006 | C33: =FLOOR(G33/10000,1) -> 1908 | D33: =VLOOKUP(A33,fonds!$B$2:$F$495,4,FALSE()) -> 10061207 | E33: =VLOOKUP($A33,fonds!$B$2:$F$495,5,FALSE()) -> 19080724 | F33: 10061207 | G33: 19080724 | H33: =G33-F33 -> 9019517
A34: ES-AHN/MonasterioSanPedroRocas | B34: =FLOOR(F34/10000,1) -> 1007 | C34: =FLOOR(G34/10000,1) -> 1486 | D34: =VLOOKUP(A34,fonds!$B$2:$F$495,4,FALSE()) -> 10070423 | E34: =VLOOKUP($A34,fonds!$B$2:$F$495,5,FALSE()) -> 14860109 | F34: 10070423 | G34: 14860109 | H34: =G34-F34 -> 4789686
A35: DE-StAW/StAlbanCan | B35: =FLOOR(F35/10000,1) -> 1007 | C35: =FLOOR(G35/10000,1) -> 1761 | D35: =VLOOKUP(A35,fonds!$B$2:$F$495,4,FALSE()) -> 10070527 | E35: =VLOOKUP($A35,fonds!$B$2:$F$495,5,FALSE()) -> 17610530 | F35: 10070527 | G35: 17610530 | H35: =G35-F35 -> 7540003
A36: IT-ASFi/DNRipoliSBartolomeo | B36: =FLOOR(F36/10000,1) -> 1007 | C36: =FLOOR(G36/10000,1) -> 1398 | D36: =VLOOKUP(A36,fonds!$B$2:$F$495,4,FALSE()) -> 10070930 | E36: =VLOOKUP($A36,fonds!$B$2:$F$495,5,FALSE()) -> 13981206 | F36: 10070930 | G36: 13981206 | H36: =G36-F36 -> 3910276
A37: DE-BayHStA/KUPassauNiedernburg | B37: =FLOOR(F37/10000,1) -> 1010 | C37: =FLOOR(G37/10000,1) -> 1801 | D37: =VLOOKUP(A37,fonds!$B$2:$F$495,4,FALSE()) -> 10100419 | E37: =VLOOKUP($A37,fonds!$B$2:$F$495,5,FALSE()) -> 18010521 | F37: 10100419 | G37: 18010521 | H37: =G37-F37 -> 7910102
A38: IT-ASFi/DNRosanoSmaAnnunziata | B38: =FLOOR(F38/10000,1) -> 1015 | C38: =FLOOR(G38/10000,1) -> 1398 | D38: =VLOOKUP(A38,fonds!$B$2:$F$495,4,FALSE()) -> 10150531 | E38: =VLOOKUP($A38,fonds!$B$2:$F$495,5,FALSE()) -> 13980413 | F38: 10150531 | G38: 13980413 | H38: =G38-F38 -> 3829882
A39: IT-BSNSP/16-Napoli_monasteri_di_S_Gregorio_S_Arcangelo_a_Baiano_e_S_Martino | B39: =FLOOR(F39/10000,1) -> 1015 | C39: =FLOOR(G39/10000,1) -> 1717 | D39: =VLOOKUP(A39,fonds!$B$2:$F$495,4,FALSE()) -> 10150601 | E39: =VLOOKUP($A39,fonds!$B$2:$F$495,5,FALSE()) -> 17170320 | F39: 10150601 | G39: 17170320 | H39: =G39-F39 -> 7019719
A40: IT-ASFi/DNFiesoleSBartolomeo | B40: =FLOOR(F40/10000,1) -> 1017 | C40: =FLOOR(G40/10000,1) -> 1394 | D40: =VLOOKUP(A40,fonds!$B$2:$F$495,4,FALSE()) -> 10170630 | E40: =VLOOKUP($A40,fonds!$B$2:$F$495,5,FALSE()) -> 13941227 | F40: 10170630 | G40: 13941227 | H40: =G40-F40 -> 3770597
A41: IT-ASFi/DNPistoiaSBenedetto | B41: =FLOOR(F41/10000,1) -> 1019 | C41: =FLOOR(G41/10000,1) -> 1398 | D41: =VLOOKUP(A41,fonds!$B$2:$F$495,4,FALSE()) -> 10191213 | E41: =VLOOKUP($A41,fonds!$B$2:$F$495,5,FALSE()) -> 13981223 | F41: 10191213 | G41: 13981223 | H41: =G41-F41 -> 3790010
A42: ES-AHN/MonasterioSantaMariadeOseira | B42: =FLOOR(F42/10000,1) -> 1025 | C42: =FLOOR(G42/10000,1) -> 1680 | D42: =VLOOKUP(A42,fonds!$B$2:$F$495,4,FALSE()) -> 10250831 | E42: =VLOOKUP($A42,fonds!$B$2:$F$495,5,FALSE()) -> 16800415 | F42: 10250831 | G42: 16800415 | H42: =G42-F42 -> 6549584
... A462: CZ-ZAO/NR-OPAVA | B462: =FLOOR(F462/10000,1) -> 1889 | C462: =FLOOR(G462/10000,1) -> 1906 | D462: =VLOOKUP(A462,fonds!$B$2:$F$495,4,FALSE()) -> #N/A | E462: =VLOOKUP($A462,fonds!$B$2:$F$495,5,FALSE()) -> #N/A | F462: 18890927 | G462: 19060810 | H462: =G462-F462 -> 169883
A463: AT-HHStA/WienOFM | B463: =FLOOR(F463/1000,1) -> #VALUE! | D463: =VLOOKUP(A463,fonds!$B$2:$F$495,4,FALSE()) -> NaN | E463: =VLOOKUP($A463,fonds!$B$2:$F$495,5,FALSE()) -> NaN | F463: NaN | G463: NaN | H463: =G463-F463 -> #VALUE! | I463: To cleanup
A464: AT-StiAStP/BlUK | B464: =FLOOR(F464/1000,1) -> #VALUE! | D464: =VLOOKUP(A464,fonds!$B$2:$F$495,4,FALSE()) -> NaN | E464: =VLOOKUP($A464,fonds!$B$2:$F$495,5,FALSE()) -> NaN | F464: NaN | G464: NaN | H464: =G464-F464 -> #VALUE! | I464: To cleanup
A465: CZ-NA/RK | B465: =FLOOR(F465/1000,1) -> #VALUE! | D465: =VLOOKUP(A465,fonds!$B$2:$F$495,4,FALSE()) -> NaN | E465: =VLOOKUP($A465,fonds!$B$2:$F$495,5,FALSE()) -> NaN | F465: NaN | G465: NaN | H465: =G465-F465 -> #VALUE! | I465: To cleanup
A466: CZ-NA/AZK | B466: =FLOOR(F466/1000,1) -> #VALUE! | D466: =VLOOKUP(A466,fonds!$B$2:$F$495,4,FALSE()) -> NaN | E466: =VLOOKUP($A466,fonds!$B$2:$F$495,5,FALSE()) -> NaN | F466: NaN | G466: NaN | H466: =G466-F466 -> #VALUE! | I466: To cleanup
A467: CZ-NA/RP | B467: =FLOOR(F467/1000,1) -> #VALUE! | D467: =VLOOKUP(A467,fonds!$B$2:$F$495,4,FALSE()) -> NaN | E467: =VLOOKUP($A467,fonds!$B$2:$F$495,5,FALSE()) -> NaN | F467: NaN | G467: NaN | H467: =G467-F467 -> #VALUE! | I467: To cleanup
A468: IT-ASFi/DNFirenzeSIacopo | B468: =FLOOR(F468/1000,1) -> #VALUE! | D468: =VLOOKUP(A468,fonds!$B$2:$F$495,4,FALSE()) -> NaN | E468: =VLOOKUP($A468,fonds!$B$2:$F$495,5,FALSE()) -> NaN | F468: NaN | G468: NaN | H468: =G468-F468 -> #VALUE! | I468: To cleanup
A469: IT-ASFi/DNCamaldoli | B469: =FLOOR(F469/1000,1) -> #VALUE! | D469: =VLOOKUP(A469,fonds!$B$2:$F$495,4,FALSE()) -> NaN | E469: =VLOOKUP($A469,fonds!$B$2:$F$495,5,FALSE()) -> NaN | F469: NaN | G469: NaN | H469: =G469-F469 -> #VALUE! | I469: To cleanup
A470: IT-ASFi/DNFirenzeSSpirito | B470: =FLOOR(F470/1000,1) -> #VALUE! | D470: =VLOOKUP(A470,fonds!$B$2:$F$495,4,FALSE()) -> NaN | E470: =VLOOKUP($A470,fonds!$B$2:$F$495,5,FALSE()) -> NaN | F470: NaN | G470: NaN | H470: =G470-F470 -> #VALUE! | I470: To cleanup
H471: =G471-F471 -> 0
H472: =G472-F472 -> 0
H473: =G473-F473 -> 0
H474: =G474-F474 -> 0
H475: =G475-F475 -> 0
H476: =G476-F476 -> 0
H477: =G477-F477 -> 0
H478: =G478-F478 -> 0
H479: =G479-F479 -> 0
H480: =G480-F480 -> 0
H481: =G481-F481 -> 0
H482: =G482-F482 -> 0
... H1000: =G1000-F1000 -> 0

Sheet temporalBoundariesGraph

Sheet settlements
A1: Settlement | B1: specification | C1: additioanl | D1: md5 | E1: =VLOOKUP(D1,fonds!$A$1:$B$495,2,FALSE()) -> fondsid | F1: geonameId | G1: lat | H1: lng | I1: name | J1: fcode | K1: adminName1 | L1: corrected | M1: Comment
A2: S. Maria della Grotta | C2: (3 AA I - 4 BB V) | D2: IT-BSNSP/37b021aef54bc81e7b3e04fb195782f7 | E2: =VLOOKUP(D2,fonds!$A$1:$B$495,2,FALSE()) -> IT-BSNSP/08-S_Maria_della_Grotta | F2: 12188697 | G2: 4119284 | H2: 146161 | I2: Abbazia di Santa Maria della Grotta | J2: RUIN | K2: Campania
A3: Admont | B3: Benediktiner (1245-1571) | D3: AT-HHStA/dd618ca73597bb623bd4d1955b545862 | E3: =VLOOKUP(D3,fonds!$A$1:$B$495,2,FALSE()) -> AT-HHStA/AdmontOSB | F3: 2782979 | G3: 4757537 | H3: 1446075 | I3: Admont | J3: PPLA3 | K3: Styria
A4: Schlägl | B4: Prämonstratenser (1204-1600) | D4: AT-StiASchl/b3ad697a1c5c0f1d90adbf6cdae1835d | E4: =VLOOKUP(D4,fonds!$A$1:$B$495,2,FALSE()) -> AT-StiASchl/Urkunden | F4: 2782860 | G4: 4864578 | H4: 1397109 | I4: Aigen im Mühlkreis | J4: PPLA3 | K4: Upper Austria
A5: Aldersbach | B5: Kloster | C5: (Zisterzienser 1139-1791) | D5: DE-BayHStA/b215bd6dc8e1f8b5ad1fd3698e4125ce | E5: =VLOOKUP(D5,fonds!$A$1:$B$495,2,FALSE()) -> DE-BayHStA/KUAldersbach | F5: 2958577 | G5: 4858972 | H5: 1308971 | I5: Aldersbach | J5: PPLA4 | K5: Bavaria
A6: Zwettl | B6: Zisterzienser | D6: AT-HHStA/8c1d3d55acab28f955a37ccc994f297b | E6: =VLOOKUP(D6,fonds!$A$1:$B$495,2,FALSE()) -> AT-HHStA/ZwettlOCist | F6: 2782800 | G6: 4869725 | H6: 1532756 | I6: Allentsteig | J6: PPLA3 | K6: Lower Austria
A7: Allerheiligen | B7: Prämonstratenserkloster | D7: DE-GLAK/d2c4d62c3644cac106115b0f5877d032 | E7: =VLOOKUP(D7,fonds!$A$1:$B$495,2,FALSE()) -> DE-GLAK/GLAK_34 | F7: 2782797 | G7: 4691417 | H7: 1555444 | I7: Allerheiligen bei Wildon | J7: PPLA3 | K7: Styria
A8: Altenburg | B8: Benediktiner (1144-1943) | D8: AT-HHStA/0bc40b0184ca385dcc9f0a320889a6d2 | E8: =VLOOKUP(D8,fonds!$A$1:$B$495,2,FALSE()) -> AT-HHStA/AltenburgOSB | G8: 4864361 | H8: 1559465 | I8: Altenburg | K8: Lower Austria | L8: x
A9: Altenhohenau | B9: Kloster | C9: (Dominikanerinnen 1214-1800) | D9: DE-BayHStA/78d556f46555908f6dc08981ebfbb85c | E9: =VLOOKUP(D9,fonds!$A$1:$B$495,2,FALSE()) -> DE-BayHStA/KUAltenhohenau | F9: 2957590 | G9: 480204 | H9: 1218884 | I9: Altenhohenau | J9: FRST | K9: Bavaria
A10: Altomuenster | B10: Kloster | C10: (Benediktinerinnen 1256-1760) | D10: DE-BayHStA/b6e66024be4319ac4f2a52f17b798a5a | E10: =VLOOKUP(D10,fonds!$A$1:$B$495,2,FALSE()) -> DE-BayHStA/KUAltomuenster | F10: 2956951 | G10: 4838767 | H10: 1125691 | I10: Altomünster | J10: PPL | K10: Bavaria
A11: Alzey | B11: Augustinerkloster | D11: DE-UAHD/a4ab3acb9b37c3bffea705d4dc352e99 | E11: =VLOOKUP(D11,fonds!$A$1:$B$495,2,FALSE()) -> DE-UAHD/AlzeyAugustinerkloster | F11: 2956710 | G11: 4974657 | H11: 811513 | I11: Alzey | J11: PPLA3 | K11: Rheinland-Pfalz
A12: Amberg | B12: Salesianerinnen | D12: DE-StAAm/1026869f0920f53b66c69e0782fd6545 | E12: =VLOOKUP(D12,fonds!$A$1:$B$495,2,FALSE()) -> #N/A | F12: 2956656 | G12: 4944287 | H12: 1186267 | I12: Amberg | J12: PPLA3 | K12: Bavaria
A13: Arcetri | B13: S. Matteo a Lepore (agostiniane poi francescane) | D13: IT-ASFi/8c2e3ff7f9e0ad31feddc2e078866e00 | E13: =VLOOKUP(D13,fonds!$A$1:$B$495,2,FALSE()) -> IT-ASFi/DNArcetri | F13: 3182917 | G13: 43.75 | H13: 1123333 | I13: Arcetri | J13: PPL | K13: Tuscany
A14: Arezzo | B14: S. Bernardo (olivetani) | D14: IT-ASFi/9f2d29a9babc1a1f9adc98a9fb93a422 | E14: =VLOOKUP(D14,fonds!$A$1:$B$495,2,FALSE()) -> IT-ASFi/DNArezzoOlivetani | F14: 3182884 | G14: 4346276 | H14: 1188068 | I14: Arezzo | J14: PPLA2 | K14: Tuscany
A15: Arezzo | B15: S. Domenico (domenicani) | D15: IT-ASFi/e07b13e5a2e9431913a9a8671d03ba01 | E15: =VLOOKUP(D15,fonds!$A$1:$B$495,2,FALSE()) -> IT-ASFi/DNArezzoDomenicani | F15: 3182884 | G15: 4346276 | H15: 1188068 | I15: Arezzo | J15: PPLA2 | K15: Tuscany
A16: Arezzo | B16: S. Maria Novella (agostiniane) | D16: IT-ASFi/f28df954ff455f43dd23ed27cd27c755 | E16: =VLOOKUP(D16,fonds!$A$1:$B$495,2,FALSE()) -> IT-ASFi/DNArezzoSMariaNovella | F16: 3182884 | G16: 4346276 | H16: 1188068 | I16: Arezzo | J16: PPLA2 | K16: Tuscany
A17: Santa Maria de Armenteira | B17: Monasterio | D17: ES-AHN/036dff4ca827d80866e895f150b04d92 | E17: =VLOOKUP(D17,fonds!$A$1:$B$495,2,FALSE()) -> ES-AHN/SantaMariadeArmenteira | F17: 3129506 | G17: 4246667 | H17: -873333 | I17: Armenteira | J17: PPL | K17: Galicia
A18: Asbach | B18: Kloster | C18: (1270-1795) | D18: DE-BayHStA/cff195adfb040d2178e2567c8d5e0bde | E18: =VLOOKUP(D18,fonds!$A$1:$B$495,2,FALSE()) -> DE-BayHStA/KUAsbach | F18: 3208324 | G18: 4868333 | H18: 1081667 | I18: Asbach-Bäumenheim | J18: PPLA4 | K18: Bavaria
A19: Asparn | C19: (1471-1767) | D19: AT-AWMK/efcd58a04c971d71ae20524c11cefe16 | E19: =VLOOKUP(D19,fonds!$A$1:$B$495,2,FALSE()) -> AT-AWMK/AsparnOFMConv | F19: 2782319 | G19: 4858333 | H19: 46158 | I19: Asparn an der Zaya | J19: PPLA3 | K19: Lower Austria
A20: Coltibuono | B20: S. Lorenzo (badia | D20: IT-ASFi/96c23b03b25d558d5051efa6d9b560b9 | E20: =VLOOKUP(D20,fonds!$A$1:$B$495,2,FALSE()) -> IT-ASFi/DNColtibuonoSLorenzo | F20: 8980619 | G20: 4349476 | H20: 1144979 | I20: Badia Coltibuono | J20: PPL | K20: Tuscany
A21: Ripoli | B21: S. Bartolomeo (badia vallombrosana) | D21: IT-ASFi/6d1981b0b1bdaad659c9a51cd3d2b5de | E21: =VLOOKUP(D21,fonds!$A$1:$B$495,2,FALSE()) -> IT-ASFi/DNRipoliSBartolomeo | F21: 3182522 | G21: 4375115 | H21: 1132252 | I21: Bagno a Ripoli | J21: PPLA3 | K21: Tuscany
A22: Bakonybél | B22: Bences (PannH) (1246-1525) | D22: HU-PBFL/415c477be2e4b307e2f9487aa401db7d | E22: =VLOOKUP(D22,fonds!$A$1:$B$495,2,FALSE()) -> HU-PBFL/BakonybelOSB | F22: 3055646 | G22: 4725543 | H22: 1772805 | I22: Bakonybél | J22: PPL | K22: Veszprém
A23: Waldsassen | B23: Kloster | C23: (1132-1798) | D23: DE-StAAm/4450ccdc3028d1a033188de80e31112b | E23: =VLOOKUP(D23,fonds!$A$1:$B$495,2,FALSE()) -> DE-StAAm/Waldsassen | F23: 11608879 | G23: 5015776 | H23: 1163603 | I23: Basilika Waldsassen | J23: MSTY | K23: Bavaria
A24: Bebenhausen | B24: St. Blasien | D24: AT-StiAStP/eb2f9c1e052fd226a2ad578388d21ed2 | E24: =VLOOKUP(D24,fonds!$A$1:$B$495,2,FALSE()) -> AT-StiAStP/BlUKBebenhausen | F24: 11002373 | G24: 4856157 | H24: 906028 | I24: Bebenhausen Abbey | J24: MSTY | K24: Baden-Wurttemberg
A25: Berchtesgaden | B25: Augustiner-Chorherren (1202-1460) | D25: AT-HHStA/4ddf289639f88b3f075b379933eeb9d7 | E25: =VLOOKUP(D25,fonds!$A$1:$B$495,2,FALSE()) -> AT-HHStA/BerchtesgadenCanReg | F25: 2950881 | G25: 4763236 | H25: 1300187 | I25: Berchtesgaden | J25: PPL | K25: Bavaria
A26: Blaubeuren | B26: St. Blasien | D26: AT-StiAStP/82fe5329e02077bca9d11b7364258d75 | E26: =VLOOKUP(D26,fonds!$A$1:$B$495,2,FALSE()) -> AT-StiAStP/BlUKBlaubeuren | F26: 2947949 | G26: 4841215 | H26: 978427 | I26: Blaubeuren Abbey | J26: PPL | K26: Baden-Wurttemberg
A27: Bleidenstadt | B27: Stift St. Ferrutius (975-1790) | D27: DE-StAW/efdff395eff47b3116759f37f6bcf57c | E27: =VLOOKUP(D27,fonds!$A$1:$B$495,2,FALSE()) -> DE-StAW/BleidenstadtCan | F27: 2947822 | G27: 5013528 | H27: 814097 | I27: Bleidenstadt | J27: PPL | K27: Hesse
A28: Bludenz | B28: St. Peter | D28: AT-VLA/1130a191a42e1280b6862519c2526605 | E28: =VLOOKUP(D28,fonds!$A$1:$B$495,2,FALSE()) -> AT-VLA/BludenzStPeterKl | F28: 2781680 | G28: 4715476 | H28: 982255 | I28: Bludenz | J28: PPLA2 | K28: Vorarlberg
A29: Boskovice | B29: Dominikáni | C29: -1684 | D29: CZ-MZA/189ace968c03e66f96ac220fbd4a9b59 | E29: =VLOOKUP(D29,fonds!$A$1:$B$495,2,FALSE()) -> CZ-MZA/E11 | F29: 3078910 | G29: 4948751 | H29: 1665997 | I29: Boskovice | J29: PPL | K29: South Moravian
A30: Bregenz | B30: St. Annakloster | D30: AT-VLA/e6615ce73b7ea3c7ebd5d7fbe83253f1 | E30: =VLOOKUP(D30,fonds!$A$1:$B$495,2,FALSE()) -> AT-VLA/BregenzAnnakl | F30: 2781503 | G30: 4750311 | H30: 2035011 | I30: Bregenz | J30: PPLA | K30: Vorarlberg
C31: (1144-1943) | D31: AT-StiAA/7bcfdc2159154a251e578cc62430665d | E31: =VLOOKUP(D31,fonds!$A$1:$B$495,2,FALSE()) -> AT-StiAA/Urkunden | F31: 3078610 | G31: 4919522 | H31: 1660796 | I31: Brno | J31: PPLA | K31: South Moravian
D32: AT-StiAAdm/fd14928e00fdf9fe95f7e346bdacab4c | E32: =VLOOKUP(D32,fonds!$A$1:$B$495,2,FALSE()) -> AT-StiAAdm/Urkunden | F32: 3078610 | G32: 4919522 | H32: 1660796 | I32: Brno | J32: PPLA | K32: South Moravian
D33: AT-StiAFiecht/928a7927ff2674866fada1aa03283e9c | E33: =VLOOKUP(D33,fonds!$A$1:$B$495,2,FALSE()) -> AT-StiAFiecht/Urkunden | F33: 3078610 | G33: 4919522 | H33: 1660796 | I33: Brno | J33: PPLA | K33: South Moravian
C34: (1058-1899) | D34: AT-StiAG/665f9c7bfad49b61525dcd87314c9d19 | E34: =VLOOKUP(D34,fonds!$A$1:$B$495,2,FALSE()) -> AT-StiAG/GoettweigOSB | F34: 3078610 | G34: 4919522 | H34: 1660796 | I34: Brno | J34: PPLA | K34: South Moravian
C35: (1188-1992) | D35: AT-StiAGe/2a15f4c33d78f76165ac4af7531964bd | E35: =VLOOKUP(D35,fonds!$A$1:$B$495,2,FALSE()) -> AT-StiAGe/Urkunden | F35: 3078610 | G35: 4919522 | H35: 1660796 | I35: Brno | J35: PPLA | K35: South Moravian
C36: (777-1894) | D36: AT-StiAKr/63d0bd1c0c530a1a8ac2b2129d143380 | E36: =VLOOKUP(D36,fonds!$A$1:$B$495,2,FALSE()) -> AT-StiAKr/KremsmuensterOSB | F36: 3078610 | G36: 4919522 | H36: 1660796 | I36: Brno | J36: PPLA | K36: South Moravian
C37: (992-1600) | D37: AT-StiAL/c3e0dcc065fa079d1fe0a5a176b1d2a8 | E37: =VLOOKUP(D37,fonds!$A$1:$B$495,2,FALSE()) -> AT-StiAL/LambachOSB | F37: 3078610 | G37: 4919522 | H37: 1660796 | I37: Brno | J37: PPLA | K37: South Moravian
C38: (1075-1912) | D38: AT-StiAM/3181382eef393bdfe5100f9819e8e34b | E38: =VLOOKUP(D38,fonds!$A$1:$B$495,2,FALSE()) -> AT-StiAM/MelkOSB | F38: 3078610 | G38: 4919522 | H38: 1660796 | I38: Brno | J38: PPLA | K38: South Moravian
C39: (860-1400) | D39: AT-StiAMt/6445d4c11f9bdb02831b856ef3ecf7ca | E39: =VLOOKUP(D39,fonds!$A$1:$B$495,2,FALSE()) -> AT-StiAMt/MattseeCan | F39: 3078610 | G39: 4919522 | H39: 1660796 | I39: Brno | J39: PPLA | K39: South Moravian
C40: (1267-1881) | D40: AT-StiANK/22dd3dc1bee5255f0664b2f2ebaebde7 | E40: =VLOOKUP(D40,fonds!$A$1:$B$495,2,FALSE()) -> AT-StiANK/NeuklosterOCist | F40: 3078610 | G40: 4919522 | H40: 1660796 | I40: Brno | J40: PPLA | K40: South Moravian
C41: (1137-1857) | D41: AT-StiAR/1cd569169290d1603631e52d71faa7bc | E41: =VLOOKUP(D41,fonds!$A$1:$B$495,2,FALSE()) -> AT-StiAR/ReichersbergCanReg | F41: 3078610 | G41: 4919522 | H41: 1660796 | I41: Brno | J41: PPLA | K41: South Moravian
C42: (1129-1600) | D42: AT-StiARein/54559a020846de77e823ce67ce25ad8b | E42: =VLOOKUP(D42,fonds!$A$1:$B$495,2,FALSE()) -> AT-StiARein/ReinOCist | F42: 3078610 | G42: 4919522 | H42: 1660796 | I42: Brno | J42: PPLA | K42: South Moravian
C43: (1296-1917) | D43: AT-StiASch/de3d43d687f297702dd0b7dba8fdac30 | E43: =VLOOKUP(D43,fonds!$A$1:$B$495,2,FALSE()) -> AT-StiASch/SchlierbachOCist | F43: 3078610 | G43: 4919522 | H43: 1660796 | I43: Brno | J43: PPLA | K43: South Moravian
C44: (1158-1702) | D44: AT-StiAScho/bf7266b31a1d769c47719dec76925b32 | E44: =VLOOKUP(D44,fonds!$A$1:$B$495,2,FALSE()) -> AT-StiAScho/SchottenOSB | F44: 3078610 | G44: 4919522 | H44: 1660796 | I44: Brno | J44: PPLA | K44: South Moravian
C45: (900-1797) | D45: AT-StiASF/45ae721d2e441eecc967687715c4fb91 | E45: =VLOOKUP(D45,fonds!$A$1:$B$495,2,FALSE()) -> AT-StiASF/StFlorianCanReg | F45: 3078610 | G45: 4919522 | H45: 1660796 | I45: Brno | J45: PPLA | K45: South Moravian
D46: AT-StiAStams/69afa7b5cdf7f62148b143626f2def56 | E46: =VLOOKUP(D46,fonds!$A$1:$B$495,2,FALSE()) -> AT-StiAStams/Urkunden | F46: 3078610 | G46: 4919522 | H46: 1660796 | I46: Brno | J46: PPLA | K46: South Moravian
D47: AT-StiAStP/61ae1879216607ea9d291665813b864d | E47: =VLOOKUP(D47,fonds!$A$1:$B$495,2,FALSE()) -> AT-StiAStP/BlUKVariaEcclesiastica | F47: 3078610 | G47: 4919522 | H47: 1660796 | I47: Brno | J47: PPLA | K47: South Moravian
C48: (1161-1600) | D48: AT-StiAV/84fdd47e3d71d43e4ff2ef563c9c0a6f | E48: =VLOOKUP(D48,fonds!$A$1:$B$495,2,FALSE()) -> AT-StiAV/VorauCanReg | F48: 3078610 | G48: 4919522 | H48: 1660796 | I48: Brno | J48: PPLA | K48: South Moravian
C49: (827-1854) | D49: AT-StiAW/c94ec587b98e0587fc02d33687291007 | E49: =VLOOKUP(D49,fonds!$A$1:$B$495,2,FALSE()) -> AT-StiAW/Urkunden | F49: 3078610 | G49: 4919522 | H49: 1660796 | I49: Brno | J49: PPLA | K49: South Moravian
C50: (1055-1742) | D50: AT-StiAZ/935e511c62816a0b2ef4e7a67f61f816 | E50: =VLOOKUP(D50,fonds!$A$1:$B$495,2,FALSE()) -> AT-StiAZ/Urkunden | F50: 3078610 | G50: 4919522 | H50: 1660796 | I50: Brno | J50: PPLA | K50: South Moravian
A51: Brno | B51: Dominikáni | C51: (1300-1755) | D51: CZ-MZA/47b38125b167c48f709fb60bcc4d9ef7 | E51: =VLOOKUP(D51,fonds!$A$1:$B$495,2,FALSE()) -> CZ-MZA/E12 | F51: 3078610 | G51: 4919522 | H51: 1660796 | I51: Brno | J51: PPLA | K51: South Moravian
A52: San Miniato al Tedesco | B52: S. Agostino (agostiniani | D52: IT-ASFi/3940a6b1c12a67f94b9800113f1a7d9b | E52: =VLOOKUP(D52,fonds!$A$1:$B$495,2,FALSE()) -> IT-ASFi/DNSanMiniatoAlTedescoSAgostino | F52: 10234874 | G52: 4367995 | H52: 1084872 | I52: Casa Vacanze San Miniato Al Tedesco | J52: HTL | K52: Tuscany
A53: San Miniato al Tedesco | B53: S.ma Annunziata (domenicane) | D53: IT-ASFi/73e9fd5f0275cfb56a9a85e51b554bd9 | E53: =VLOOKUP(D53,fonds!$A$1:$B$495,2,FALSE()) -> IT-ASFi/DNSanMiniatoAlTedescoSmaAnnunziata | F53: 10234874 | G53: 4367995 | H53: 1084872 | I53: Casa Vacanze San Miniato Al Tedesco | J53: HTL | K53: Tuscany
A54: San Miniato al Tedesco | B54: S. Francesco (minori) | D54: IT-ASFi/a00e6cf614cd250eead0291b699ccedb | E54: =VLOOKUP(D54,fonds!$A$1:$B$495,2,FALSE()) -> IT-ASFi/DNSanMiniatoAlTedescoSFrancesco | F54: 10234874 | G54: 4367995 | H54: 1084872 | I54: Casa Vacanze San Miniato Al Tedesco | J54: HTL | K54: Tuscany
A55: San Miniato al Tedesco | B55: S. Chiara (clarisse) | D55: IT-ASFi/b27bdfdbc6e2f363f6299e333bfc0cb5 | E55: =VLOOKUP(D55,fonds!$A$1:$B$495,2,FALSE()) -> IT-ASFi/DNSanMiniatoAlTedescoSChiara | F55: 10234874 | G55: 4367995 | H55: 1084872 | I55: Casa Vacanze San Miniato Al Tedesco | J55: HTL | K55: Tuscany
A56: San Miniato al Tedesco | B56: S. Iacopo (domenicani) | D56: IT-ASFi/c9c2a3631f22a5aa94278e9368e5c7a1 | E56: =VLOOKUP(D56,fonds!$A$1:$B$495,2,FALSE()) -> IT-ASFi/DNSanMiniatoAlTedescoSIacopo | F56: 10234874 | G56: 4367995 | H56: 1084872 | I56: Casa Vacanze San Miniato Al Tedesco | J56: HTL | K56: Tuscany
A57: San Miniato al Tedesco | B57: S. Paolo (clarisse) | D57: IT-ASFi/d49f126a68feeaeee65a3d6aef50a9ac | E57: =VLOOKUP(D57,fonds!$A$1:$B$495,2,FALSE()) -> IT-ASFi/DNSanMiniatoAlTedescoSPaolo | F57: 10234874 | G57: 4367995 | H57: 1084872 | I57: Casa Vacanze San Miniato Al Tedesco | J57: HTL | K57: Tuscany
A58: Castiglion Fiorentino | B58: S. Agostino (agostiniani) | D58: IT-ASFi/cde1a905051eddcafa77547cb817f7e3 | E58: =VLOOKUP(D58,fonds!$A$1:$B$495,2,FALSE()) -> IT-ASFi/DNCastiglionFiorentinoSAgostino | F58: 3179405 | G58: 4334308 | H58: 1191995 | I58: Castiglion Fiorentino | J58: PPLA3 | K58: Tuscany
A59: Castiglion Fiorentino | B59: S. Girolamo detto il monastero delle Mantellate del terzâ€™ordine francescano (francescane) | D59: IT-ASFi/f1a1ddc10d27a062bd71a8a39df7b8e5 | E59: =VLOOKUP(D59,fonds!$A$1:$B$495,2,FALSE()) -> IT-ASFi/DNCastiglionFiorentinoSGirolamo | F59: 3179405 | G59: 4334308 | H59: 1191995 | I59: Castiglion Fiorentino | J59: PPLA3 | K59: Tuscany
A60: S. Sebastiano | C60: (9 CC II - 9 CC IV) | D60: IT-BSNSP/73d5c9f9e821fba7343eceacda616b84 | E60: =VLOOKUP(D60,fonds!$A$1:$B$495,2,FALSE()) -> IT-BSNSP/19-S_Sebastiano | F60: 8015039 | G60: 4185565 | H60: 1251581 | I60: Catacombe di San Sebastiano | J60: TMB | K60: Lazio
A61: Těšín | B61: Dominikáni | C61: (1408â€“1790 (1796)) | D61: CZ-ZAO/0f0de0fd2d5d8b252686df1f9eeec2b7 | E61: =VLOOKUP(D61,fonds!$A$1:$B$495,2,FALSE()) -> CZ-ZAO/RD-TESIN | F61: 3077882 | G61: 4974613 | H61: 1862613 | I61: Český Těšín | J61: PPLA3 | K61: Moravskoslezský
A62: Cheb | B62: Dominikáni (1294-1785) | D62: CZ-SOAP/0344a6db57ff777d2313bfb854bc42fb | E62: =VLOOKUP(D62,fonds!$A$1:$B$495,2,FALSE()) -> CZ-SOAP/ChebOP | F62: 3077835 | G62: 5007963 | H62: 1237392 | I62: Cheb | J62: PPL | K62: Karlovarský kraj
A63: Colle Val d'Elsa | B63: S. Francesco (francescani) | D63: IT-ASFi/86798e6149caaba0274b8ca8ce365020 | E63: =VLOOKUP(D63,fonds!$A$1:$B$495,2,FALSE()) -> IT-ASFi/DNColleValDElsaSFrancesco | F63: 3178402 | G63: 4342107 | H63: 1112739 | I63: Colle di Val d'Elsa | J63: PPLA3 | K63: Tuscany
A64: Rein | B64: Zisterzienser | D64: AT-HHStA/dabe09cfe021697547f6cbef9e755b31 | E64: =VLOOKUP(D64,fonds!$A$1:$B$495,2,FALSE()) -> AT-HHStA/ReinOCist | F64: 2886242 | G64: 5093333 | H64: 6.95 | I64: Cologne | J64: PPLA2 | K64: North Rhine-Westphalia
A65: Cortona | B65: S. Chiara (francescane) | D65: IT-ASFi/558b38b26337490d9b2d640e8911388c | E65: =VLOOKUP(D65,fonds!$A$1:$B$495,2,FALSE()) -> IT-ASFi/DNCortonaSChiara | F65: 3177948 | G65: 4327467 | H65: 1198533 | I65: Cortona | J65: PPLA3 | K65: Tuscany
A66: Cortona | B66: S. Maria dei Servi (serviti) | D66: IT-ASFi/68a7f3e4e99cf2c84b981e96a9dc4420 | E66: =VLOOKUP(D66,fonds!$A$1:$B$495,2,FALSE()) -> IT-ASFi/DNCortoneSMariaDeiServi | F66: 3177948 | G66: 4327467 | H66: 1198533 | I66: Cortona | J66: PPLA3 | K66: Tuscany
A67: Cortona | B67: S. Michele Arcangelo (benedettine) | D67: IT-ASFi/7e896b4bce0dbc368fdc185c89fc9286 | E67: =VLOOKUP(D67,fonds!$A$1:$B$495,2,FALSE()) -> IT-ASFi/DNCortonaSMicheleArcangelo | F67: 3177948 | G67: 4327467 | H67: 1198533 | I67: Cortona | J67: PPLA3 | K67: Tuscany
A68: Doccia | B68: S. Michele (francescani) | C68: (Fiesole) | D68: IT-ASFi/d446b1938a275c1e7a960a2b63d1e941 | E68: =VLOOKUP(D68,fonds!$A$1:$B$495,2,FALSE()) -> IT-ASFi/DNDocciaFrancescani | F68: 8964560 | G68: 4317816 | H68: 1181286 | I68: Doccia | J68: PPL | K68: Tuscany
A69: St. Dorothea | C69: (1259-1778) | D69: AT-StiAK/fa4c1bfaecc1de36c81d136b99fc2b0e | E69: =VLOOKUP(D69,fonds!$A$1:$B$495,2,FALSE()) -> AT-StiAK/StDorotheaCanReg | F69: 12500508 | G69: 482065 | H69: 1636887 | I69: Dorotheerkirche | J69: HSTS | K69: Vienna
A70: Dürnstein | B70: Augustiner-Chorherren (1298-1785) | D70: AT-StiAHe/68aafe9be310eb6dc0d32f675b91d009 | E70: =VLOOKUP(D70,fonds!$A$1:$B$495,2,FALSE()) -> AT-StiAHe/DuernsteinCanReg | F70: 2780603 | G70: 4698833 | H70: 1439167 | I70: Dürnstein in der Steiermark | J70: PPLA3 | K70: Styria
A71: Dürnstein | B71: Klarissen (1289-1562) | D71: AT-StiAHe/de85077f09d3e9c8bec18aee72076257 | E71: =VLOOKUP(D71,fonds!$A$1:$B$495,2,FALSE()) -> AT-StiAHe/DuernsteinOSCl | F71: 2780603 | G71: 4698833 | H71: 1439167 | I71: Dürnstein in der Steiermark | J71: PPLA3 | K71: Styria
A72: ŘA Karlov | B72: Archivy českíých klášterů zrušeníých za Josefa II. | C72: (1115-1760) | D72: CZ-NA/c0a751015b7c8d7ec68fb5710e33ad4d | E72: =VLOOKUP(D72,fonds!$A$1:$B$495,2,FALSE()) -> CZ-NA/AZK%7CKarlov | F72: 3060284 | G72: 48.15 | H72: 1933333 | I72: Dvor Karlov | J72: PPL | K72: Banská Bystrica Region
A73: Eberndorf | B73: Augustiner Chorherren (1106-1601) | D73: AT-HHStA/7ca3df7db99c72981ca7afa59b8f1abd | E73: =VLOOKUP(D73,fonds!$A$1:$B$495,2,FALSE()) -> AT-HHStA/EberndorfCanReg | F73: 2780531 | G73: 4659139 | H73: 1464361 | I73: Eberndorf | J73: PPLA3 | K73: Carinthia
A74: Eberndorf | B74: Augustiner-Chorherrenstift | D74: AT-KLA/cc6a49cdf882c7a5663531e8ac0d8f0d | E74: =VLOOKUP(D74,fonds!$A$1:$B$495,2,FALSE()) -> AT-KLA/KLA-308 | F74: 2780531 | G74: 4659139 | H74: 1464361 | I74: Eberndorf | J74: PPLA3 | K74: Carinthia
A75: Stift Eberndorf | D75: AT-StiAStP/daa8f22cf65c16765540ccb0d31f62e3 | E75: =VLOOKUP(D75,fonds!$A$1:$B$495,2,FALSE()) -> AT-StiAStP/EUK | F75: 2780531 | G75: 4659139 | H75: 1464361 | I75: Eberndorf | J75: PPLA3 | K75: Carinthia
A76: Ebersberg | B76: Benediktiner (1247-1481) | D76: AT-HHStA/07e705c7f8fcc94f98cdf7192aea86d5 | E76: =VLOOKUP(D76,fonds!$A$1:$B$495,2,FALSE()) -> AT-HHStA/EbersbergOSB | F76: 2933945 | G76: 480771 | H76: 1197063 | I76: Ebersberg | J76: PPLA3 | K76: Bavaria
A77: Ebrach | B77: Zisterzienser - Amt Katzwang (1298-1779) | D77: DE-StAW/307d4b2463a699dbbce988dd02147630 | E77: =VLOOKUP(D77,fonds!$A$1:$B$495,2,FALSE()) -> DE-StAW/Katzwang | F77: 2933828 | G77: 4984812 | H77: 1049672 | I77: Ebrach | J77: PPL | K77: Bavaria
A78: Ebrach | B78: Zisterzienser (1194-1803) | D78: DE-StAW/3107d0838a428564841ca9993ce2e339 | E78: =VLOOKUP(D78,fonds!$A$1:$B$495,2,FALSE()) -> DE-StAW/EbrachOCist | F78: 2933828 | G78: 4984812 | H78: 1049672 | I78: Ebrach | J78: PPL | K78: Bavaria
A79: Empoli | B79: S. Stefano (agostiniani) | D79: IT-ASFi/766c2ff635722305ae84f40621cb67c1 | E79: =VLOOKUP(D79,fonds!$A$1:$B$495,2,FALSE()) -> IT-ASFi/DNEmpoliSStefano | F79: 3177400 | G79: 4371795 | H79: 1094758 | I79: Empoli | J79: PPLA3 | K79: Tuscany
A80: Ensdorf | B80: Kloster | C80: (1115-1797) | D80: DE-StAAm/f4b66dc7e1c57e6904410802f725750d | E80: =VLOOKUP(D80,fonds!$A$1:$B$495,2,FALSE()) -> DE-StAAm/EnsdorfOSB | F80: 2930019 | G80: 49.3 | H80: 678333 | I80: Ensdorf | J80: PPLA4 | K80: Saarland
A81: Camaldoli | B81: S. Salvatore (eremo) | D81: IT-ASFi/cb996ae307e58129672ffa5ea3ed3b4b | E81: =VLOOKUP(D81,fonds!$A$1:$B$495,2,FALSE()) -> IT-ASFi/DNCamaldoli | F81: 11790397 | G81: 4381025 | H81: 1181692 | I81: Eremo Di Camaldoli | J81: MSTY | K81: Tuscany
A82: Erla | B82: Benediktinerinnen (1050-1742) | D82: AT-HHStA/42fb5072123bcbad66bbdbb1eb32c3c5 | E82: =VLOOKUP(D82,fonds!$A$1:$B$495,2,FALSE()) -> AT-HHStA/ErlaOSB | G82: 4819924 | H82: 145695 | I82: Erla | K82: Lower Austria
A83: Fiesole | B83: S. Domenico (domenicani) | D83: IT-ASFi/a687c02842e78d2f665ce7cbe905cb08 | E83: =VLOOKUP(D83,fonds!$A$1:$B$495,2,FALSE()) -> IT-ASFi/DNFiesoleSDomenico | F83: 3177019 | G83: 4380455 | H83: 1129487 | I83: Fiesole | J83: PPLA3 | K83: Tuscany
A84: Fiesole | B84: S. Bartolomeo detta badia dei Rocchettini (badia | D84: IT-ASFi/c4beeb4a45487a8719ac967f2201c90c | E84: =VLOOKUP(D84,fonds!$A$1:$B$495,2,FALSE()) -> IT-ASFi/DNFiesoleSBartolomeo | F84: 3177019 | G84: 4380455 | H84: 1129487 | I84: Fiesole | J84: PPLA3 | K84: Tuscany
A85: Fivizzano | B85: S. Giovanni Battista (agostiniani) | D85: IT-ASFi/6436caba5f8904776b56ff87e11d56be | E85: =VLOOKUP(D85,fonds!$A$1:$B$495,2,FALSE()) -> IT-ASFi/DNFivizzanoSGiovanniBattista | F85: 3176919 | G85: 4423784 | H85: 10.1265 | I85: Fivizzano | J85: PPLA3 | K85: Tuscany
A86: Firenze | B86: S. Giovanni monastero detto Boldrone | D86: IT-ASFi/041fb2fa26e2c2eba31baec674ccdd97 | E86: =VLOOKUP(D86,fonds!$A$1:$B$495,2,FALSE()) -> IT-ASFi/DNFirenzeSGiovanniBoldrone | F86: 3176959 | G86: 4377925 | H86: 1124626 | I86: Florence | J86: PPLA | K86: Tuscany
A87: Firenze | B87: S. Miniato al Monte (olivetani) | D87: IT-ASFi/0c32b1b754d091d9e564d2e7bff90b63 | E87: =VLOOKUP(D87,fonds!$A$1:$B$495,2,FALSE()) -> IT-ASFi/DNFirenzeSMiniato | F87: 3176959 | G87: 4377925 | H87: 1124626 | I87: Florence | J87: PPLA | K87: Tuscany
A88: Firenze | B88: S. Silvestro (benedettine) | D88: IT-ASFi/0cf617b016ab87baa25b9d3f5d69683d | E88: =VLOOKUP(D88,fonds!$A$1:$B$495,2,FALSE()) -> IT-ASFi/DNFirenzeSSilvestro | F88: 3176959 | G88: 4377925 | H88: 1124626 | I88: Florence | J88: PPLA | K88: Tuscany
A89: Firenze | B89: S. Croce (minori) | D89: IT-ASFi/1038c519c4a86e11a174fd4a2bd24b98 | E89: =VLOOKUP(D89,fonds!$A$1:$B$495,2,FALSE()) -> IT-ASFi/DNFirenzeSCroce | F89: 3176959 | G89: 4377925 | H89: 1124626 | I89: Florence | J89: PPLA | K89: Tuscany
A90: Firenze | B90: S. Maria della Pieta (conservatorio | D90: IT-ASFi/13550b74499469ce316dfd8aacda52bc | E90: =VLOOKUP(D90,fonds!$A$1:$B$495,2,FALSE()) -> IT-ASFi/DNFirenzeSMariaDellaPieta | F90: 3176959 | G90: 4377925 | H90: 1124626 | I90: Florence | J90: PPLA | K90: Tuscany
A91: Firenze | B91: S. Iacopo di Ripoli (domenicane) | D91: IT-ASFi/142f68139d09ad36dc24facab6efb142 | E91: =VLOOKUP(D91,fonds!$A$1:$B$495,2,FALSE()) -> IT-ASFi/DNFirenzeSIacopoRipoli | F91: 3176959 | G91: 4377925 | H91: 1124626 | I91: Florence | J91: PPLA | K91: Tuscany
A92: Firenze | B92: S. Paolino (carmelitani) | D92: IT-ASFi/16ee915a6661684f18d10647e5eca472 | E92: =VLOOKUP(D92,fonds!$A$1:$B$495,2,FALSE()) -> IT-ASFi/DNFirenzeSPaolino | F92: 3176959 | G92: 4377925 | H92: 1124626 | I92: Florence | J92: PPLA | K92: Tuscany
A93: Firenze | B93: S. Felicita (benedettine) | D93: IT-ASFi/1a8a6fbaab983bffd0577920d4d80e8c | E93: =VLOOKUP(D93,fonds!$A$1:$B$495,2,FALSE()) -> IT-ASFi/DNFirenzeSFelicita | F93: 3176959 | G93: 4377925 | H93: 1124626 | I93: Florence | J93: PPLA | K93: Tuscany
A94: Firenze | B94: S. Pier Martire (domenicane) | D94: IT-ASFi/1a97e11f18623cf079843e6439506f9a | E94: =VLOOKUP(D94,fonds!$A$1:$B$495,2,FALSE()) -> IT-ASFi/DNFirenzeSPierMartire | F94: 3176959 | G94: 4377925 | H94: 1124626 | I94: Florence | J94: PPLA | K94: Tuscany
A95: Firenze | B95: S. Apollonia (benedettine) | D95: IT-ASFi/1c96cb6084e75c90ed831e9b146c58be | E95: =VLOOKUP(D95,fonds!$A$1:$B$495,2,FALSE()) -> IT-ASFi/DNFirenzeSApollonia | F95: 3176959 | G95: 4377925 | H95: 1124626 | I95: Florence | J95: PPLA | K95: Tuscany
A96: Firenze | B96: S.ma Annunziata (serviti) | D96: IT-ASFi/274d5b720c03a3a550580eab0ca86f28 | E96: =VLOOKUP(D96,fonds!$A$1:$B$495,2,FALSE()) -> IT-ASFi/DNFirenzeSmaAnnunziata | F96: 3176959 | G96: 4377925 | H96: 1124626 | I96: Florence | J96: PPLA | K96: Tuscany
A97: Firenze | B97: S. Domenico del Maglio (domenicane) | D97: IT-ASFi/283df895fdcec351472c221fda2f39ba | E97: =VLOOKUP(D97,fonds!$A$1:$B$495,2,FALSE()) -> IT-ASFi/DNFirenzeSDomenico | F97: 3176959 | G97: 4377925 | H97: 1124626 | I97: Florence | J97: PPLA | K97: Tuscany
... A133: Firenze | B133: S. Caterina da Siena detta da San Marco | D133: IT-ASFi/fec7decf1acefce9b9a8fcfbe46de11d | E133: =VLOOKUP(D133,fonds!$A$1:$B$495,2,FALSE()) -> IT-ASFi/DNFirenzeSCaterinaDaSiena | F133: 3176959 | G133: 4377925 | H133: 1124626 | I133: Florence | J133: PPLA | K133: Tuscany
A134: Franziskanerkloster | D134: DE-BAH/ea42cb4fd993b7a8d318429dcbe19594 | E134: =VLOOKUP(D134,fonds!$A$1:$B$495,2,FALSE()) -> DE-BAH/Franziskanerkloster | F134: 11186410 | G134: 493767 | H134: 10.1764 | I134: Franziskanerkloster Rothenburg ob der Tauber | J134: MSTY | K134: Bavaria
A135: Frauenchiemsee | B135: Kloster | C135: Urkunden | D135: DE-BayHStA/482983340a97970e4653a07ef2b64427 | E135: =VLOOKUP(D135,fonds!$A$1:$B$495,2,FALSE()) -> DE-BayHStA/KUFrauenchiemsee | F135: 2925339 | G135: 4787289 | H135: 1242575 | I135: Frauenchiemsee | J135: ISL | K135: Bavaria
...

Sheet Map-ToDo

Sheet CountByDecade
A1: fondsid | B1: Count bis 1500 | C1: 0 | D1: 16 | E1: 18 | F1: 47 | G1: 50 | H1: 64 | I1: 75 | J1: 76 | K1: 77 | L1: 78 | M1: 79 | N1: 80 | O1: 81 | P1: 82 | Q1: 83 | R1: 84 | S1: 85 | T1: 86 | U1: 87 | V1: 88 | W1: 89 | X1: 90 | Y1: 91 | Z1: 92 | AA1: 93 | AB1: 94 | AC1: 95 | AD1: 96 | AE1: 97 | AF1: 98 | AG1: 99 | AH1: 100 | AI1: 101 | AJ1: 102 | AK1: 103 | AL1: 104 | AM1: 105 | AN1: 106 | AO1: 107 | AP1: 108 | AQ1: 109 | AR1: 110 | AS1: 111 | AT1: 112 | AU1: 113 | AV1: 114 | AW1: 115 | AX1: 116 | AY1: 117 | AZ1: 118 | BA1: 119 | BB1: 120 | BC1: 121 | BD1: 122 | BE1: 123 | BF1: 124 | BG1: 125 | BH1: 126 | BI1: 127 | BJ1: 128 | BK1: 129 | BL1: 130 | BM1: 131 | BN1: 132 | BO1: 133 | BP1: 134 | BQ1: 135 | BR1: 136 | BS1: 137 | BT1: 138 | BU1: 139 | BV1: 140 | BW1: 141 | BX1: 142 | BY1: 143 | BZ1: 144 | CA1: 145 | CB1: 146 | CC1: 147 | CD1: 148 | CE1: 149 | CF1: 150 | CG1: 151 | CH1: 152 | CI1: 153 | CJ1: 154 | CK1: 155 | CL1: 156 | CM1: 157 | CN1: 158 | CO1: 159 | CP1: 160 | CQ1: 161 | CR1: 162 | CS1: 163 | CT1: 164 | CU1: 165 | CV1: 166 | CW1: 167 | CX1: 168 | CY1: 169 | CZ1: 170 | DA1: 171 | DB1: 172 | DC1: 173 | DD1: 174 | DE1: 175 | DF1: 176 | DG1: 177 | DH1: 178 | DI1: 179 | DJ1: 180 | DK1: 181 | DL1: 182 | DM1: 183 | DN1: 184 | DO1: 185 | DP1: 186 | DQ1: 187 | DR1: 188 | DS1: 189 | DT1: 190 | DU1: 191 | DV1: 192 | DW1: 193 | DX1: 194 | DY1: 195 | DZ1: 196 | EA1: 197 | EB1: 198 | EC1: 199 | ED1: 200 | EE1: 201 | EF1: 241 | EG1: 1000
A2: AT-ATF/TirolOFM | B2: =SUM(C2:CF2) -> 108 | BE2: 1 | BF2: 4 | BG2: 7 | BH2: 7 | BI2: 3 | BJ2: 3 | BK2: 3 | BL2: 3 | BM2: 2 | BN2: 5 | BP2: 1 | BQ2: 1 | BR2: 3 | BS2: 2 | BT2: 5 | BU2: 3 | BV2: 2 | BW2: 6 | BX2: 1 | BY2: 1 | BZ2: 6 | CA2: 6 | CB2: 6 | CC2: 10 | CD2: 7 | CE2: 3 | CF2: 7 | CG2: 12 | CH2: 14 | CI2: 6 | CJ2: 4 | CL2: 1 | CM2: 3 | CN2: 12 | CO2: 2 | CP2: 2 | CQ2: 9 | CR2: 13 | CS2: 25 | CT2: 25 | CU2: 8 | CV2: 5 | CW2: 5 | CX2: 7 | CY2: 23 | CZ2: 39 | DA2: 16 | DB2: 16 | DC2: 24 | DD2: 20 | DE2: 14 | DF2: 6 | DG2: 6 | DH2: 1 | DI2: 3 | DJ2: 5 | DK2: 2 | DL2: 4 | DM2: 2 | DN2: 2 | DQ2: 1 | DR2: 1 | DT2: 5 | DX2: 1 | DY2: 1 | DZ2: 1 | EA2: 1 | EG2: 6
A3: AT-AWMK/WienOFMConv | B3: =SUM(C3:CF3) -> 70 | BF3: 2 | BG3: 5 | BH3: 15 | BI3: 1 | BJ3: 17 | BK3: 1 | BL3: 2 | BN3: 3 | BO3: 3 | BP3: 3 | BQ3: 3 | BS3: 1 | BT3: 3 | BU3: 1 | BV3: 1 | BW3: 1 | BX3: 1 | BY3: 1 | BZ3: 1 | CA3: 2 | CD3: 1 | CF3: 2 | CG3: 3 | CH3: 4 | CI3: 2 | CJ3: 3 | CK3: 2 | CM3: 4 | CN3: 1 | CO3: 1 | CP3: 1 | CQ3: 6 | CR3: 4 | CS3: 1 | CT3: 5 | CU3: 6 | CV3: 3 | CW3: 8 | CY3: 3 | CZ3: 3 | DA3: 14 | DB3: 26 | DC3: 20 | DD3: 10 | DE3: 6 | DF3: 8 | DG3: 1
A4: AT-AWMK/NeunkirchenOFMConv | B4: =SUM(C4:CF4) -> 22 | BS4: 2 | BU4: 1 | BV4: 1 | BW4: 1 | BX4: 1 | BY4: 2 | BZ4: 1 | CA4: 3 | CB4: 2 | CD4: 2 | CE4: 1 | CF4: 5 | CG4: 3 | CH4: 9 | CK4: 2 | CM4: 2 | CN4: 1 | CO4: 1 | CP4: 1 | CR4: 1 | CS4: 2 | CY4: 1 | DA4: 1 | DC4: 7 | DF4: 1 | DI4: 1 | DM4: 1
A5: AT-AWMK/AsparnOFMConv | B5: =SUM(C5:CF5) -> 2 | CC5: 1 | CF5: 1 | CS5: 4 | CT5: 1 | CU5: 1 | CY5: 2 | CZ5: 2 | DA5: 3 | DB5: 7 | DC5: 7 | DD5: 4 | DE5: 6 | DF5: 8 | DG5: 1
A6: AT-HHStA/WienStLaurCanReg | B6: =SUM(C6:CF6) -> 62 | BN6: 1 | BR6: 1 | BS6: 5 | BU6: 1 | BW6: 8 | BX6: 1 | BY6: 2 | BZ6: 2 | CA6: 16 | CB6: 11 | CC6: 7 | CD6: 2 | CF6: 5 | CG6: 2 | CH6: 1 | CI6: 2 | CK6: 2 | CL6: 3 | CM6: 3 | CN6: 1 | CO6: 2 | CR6: 1 | CS6: 1 | CT6: 2 | CV6: 1 | CW6: 1 | CX6: 3 | CY6: 2 | CZ6: 3 | DB6: 1 | DD6: 4 | DE6: 3 | DF6: 2 | DG6: 3 | DH6: 1
A7: AT-HHStA/WiltenOPraem | B7: =SUM(C7:CF7) -> 3 | BA7: 1 | BG7: 1 | CE7: 1
A8: AT-HHStA/SeckauCanReg | B8: =SUM(C8:CF8) -> 57 | AY8: 4 | AZ8: 2 | BA8: 1 | BB8: 3 | BD8: 8 | BE8: 2 | BF8: 2 | BG8: 2 | BH8: 3 | BI8: 7 | BJ8: 6 | BK8: 6 | BL8: 7 | BU8: 1 | CC8: 1 | CD8: 1 | CE8: 1
A9: AT-HHStA/EbersbergOSB | B9: =SUM(C9:CF9) -> 8 | BG9: 2 | BK9: 2 | BL9: 2 | BU9: 1 | BX9: 1
A10: AT-HHStA/AltenburgOSB | B10: =SUM(C10:CF10) -> 4 | BJ10: 1 | BM10: 2 | BP10: 1
A11: AT-HHStA/StLambrechtOSB | B11: =SUM(C11:CF11) -> 14 | BC11: 1 | BD11: 2 | BL11: 1 | BU11: 1 | BX11: 1 | BY11: 4 | CB11: 1 | CF11: 3 | CK11: 1 | CM11: 1 | CN11: 1
A12: AT-HHStA/ArnsburgOCist | B12: =SUM(C12:CF12) -> 1 | CB12: 1
A13: AT-HHStA/WolfsbergOFMConv | B13: =SUM(C13:CF13) -> 5 | CB13: 2 | CD13: 1 | CF13: 2 | CG13: 1 | CH13: 2 | CK13: 1 | CP13: 1 | CQ13: 2 | CR13: 2
A14: AT-HHStA/MekinjeOSCI | B14: =SUM(C14:CF14) -> 1 | BQ14: 1 | CK14: 1
A15: AT-HHStA/ThalbachOFM | B15: =SUM(C15:CF15) -> 1 | CD15: 1 | CM15: 2 | CQ15: 4 | CR15: 5 | CU15: 1 | CW15: 1 | DD15: 3 | DG15: 2 | DH15: 1
A16: AT-HHStA/StBernhardOCist | B16: =SUM(C16:CF16) -> 195 | BH16: 3 | BI16: 9 | BJ16: 9 | BK16: 20 | BL16: 26 | BM16: 27 | BN16: 29 | BO16: 14 | BP16: 19 | BQ16: 22 | BR16: 7 | BT16: 1 | BV16: 1 | BW16: 1 | CA16: 1 | CB16: 3 | CD16: 1 | CE16: 2
A17: AT-HHStA/WienStNiklaskloster | B17: =SUM(C17:CF17) -> 1 | BY17: 1
A18: AT-HHStA/YbbsOCist | B18: =SUM(C18:CF18) -> 35 | BE18: 1 | BL18: 1 | BM18: 10 | BN18: 2 | BO18: 3 | BP18: 7 | BQ18: 1 | BR18: 2 | BT18: 1 | BV18: 4 | BW18: 2 | BX18: 1
A19: AT-HHStA/GrosswardeinOPraem | B19: =SUM(C19:CF19) -> 1 | BO19: 1
A20: AT-HHStA/NRannaOSPPE | B20: =SUM(C20:CF20) -> 3 | BZ20: 1 | CE20: 2 | CY20: 1
A21: AT-HHStA/GloggnitzOSB | B21: =SUM(C21:CF21) -> 1 | CD21: 1
A22: AT-HHStA/ImbachOP | B22: =SUM(C22:CF22) -> 9 | BI22: 1 | BK22: 2 | BL22: 1 | BP22: 1 | BT22: 1 | CB22: 2 | CF22: 1 | CM22: 1
A23: AT-HHStA/WNStPeterSpOP | B23: =SUM(C23:CF23) -> 8 | BQ23: 1 | BR23: 2 | BU23: 2 | BW23: 1 | BY23: 1 | CB23: 1 | CL23: 1 | CM23: 2
A24: AT-HHStA/StrebnitzOSB | B24: =SUM(C24:CF24) -> 1 | CC24: 1
A25: AT-HHStA/RadljeOP | B25: =SUM(C25:CF25) -> 29 | BI25: 7 | BJ25: 10 | BK25: 9 | BL25: 2 | CB25: 1
A26: AT-HHStA/SchnalsOCart | B26: =SUM(C26:CF26) -> 1 | BY26: 1
A27: AT-HHStA/KleinmariazellOSB | B27: =SUM(C27:CF27) -> 1 | CC27: 1
A28: AT-HHStA/PrahaMgd | B28: =SUM(C28:CF28) -> 1 | BV28: 1
A29: AT-HHStA/GamingOCart | B29: =SUM(C29:CF29) -> 1 | BR29: 1 | EG29: 103
A30: AT-HHStA/KlingenthalOP | B30: =SUM(C30:CF30) -> 2 | CD30: 2
A31: AT-HHStA/ErlaOSB | B31: =SUM(C31:CF31) -> 17 | BF31: 1 | BM31: 1 | BV31: 1 | BW31: 2 | BX31: 2 | BY31: 1 | CB31: 1 | CC31: 1 | CD31: 2 | CE31: 3 | CF31: 2 | CG31: 1 | CH31: 1 | CK31: 1 | CN31: 3 | CO31: 9 | CQ31: 2 | CR31: 1 | CZ31: 1
A32: AT-HHStA/StudeniceOP | B32: =SUM(C32:CF32) -> 27 | BG32: 3 | BH32: 4 | BI32: 5 | BJ32: 8 | BK32: 2 | BL32: 5
A33: AT-HHStA/PolaStMichaelDeMonta | B33: =SUM(C33:CF33) -> 1 | BW33: 1
A34: AT-HHStA/StainachOP | B34: =SUM(C34:CF34) -> 5 | CE34: 2 | CF34: 3
A35: AT-HHStA/BerchtesgadenCanReg | B35: =SUM(C35:CF35) -> 6 | BB35: 1 | BC35: 3 | BQ35: 1 | CB35: 1
A36: AT-HHStA/JudenburgOSCI | B36: =SUM(C36:CF36) -> 4 | BV36: 2 | CB36: 2
A37: AT-HHStA/PletrjeOCart | B37: =SUM(C37:CF37) -> 3 | CA37: 1 | CB37: 1 | CC37: 1
A38: AT-HHStA/SonnenburgOSB | B38: =SUM(C38:CF38) -> 2 | BP38: 1 | BU38: 1
A39: AT-HHStA/WienStClaraOSCI | B39: =SUM(C39:CF39) -> 260 | BL39: 2 | BM39: 14 | BN39: 17 | BO39: 13 | BP39: 27 | BQ39: 21 | BR39: 23 | BS39: 22 | BT39: 11 | BU39: 6 | BV39: 12 | BW39: 21 | BX39: 18 | BY39: 12 | BZ39: 9 | CA39: 4 | CB39: 6 | CC39: 9 | CD39: 3 | CE39: 8 | CF39: 2 | CG39: 2 | CI39: 3 | CJ39: 1 | CM39: 1
A40: AT-HHStA/KorneuburgOESA | B40: =SUM(C40:CF40) -> 10 | BM40: 1 | BP40: 2 | BR40: 1 | BS40: 1 | BT40: 1 | BU40: 1 | BW40: 1 | CB40: 1 | CF40: 1 | CG40: 1 | CH40: 1 | CJ40: 3 | CR40: 2 | CS40: 1 | CT40: 2 | CU40: 1 | CV40: 2 | DE40: 3 | DG40: 1
A41: AT-HHStA/StMichaelzuTschernaKonvent | B41: =SUM(C41:CF41) -> 1 | CA41: 1
A42: AT-HHStA/PlasyOCist | B42: =SUM(C42:CF42) -> 4 | BP42: 1 | BS42: 1 | BW42: 2
A43: AT-HHStA/SbgFrauenklosterStPeter | B43: =SUM(C43:CF43) -> 1 | BX43: 1
A44: AT-HHStA/SmichowOCart | B44: =SUM(C44:CF44) -> 11 | BQ44: 1 | BR44: 1 | BT44: 2 | BU44: 2 | BV44: 1 | BW44: 3 | CA44: 1
A45: AT-HHStA/WienMaMagdCanReg | B45: =SUM(C45:CF45) -> 14 | BE45: 1 | BF45: 1 | BS45: 1 | BT45: 1 | BV45: 2 | BX45: 1 | BY45: 1 | BZ45: 1 | CC45: 1 | CE45: 3 | CF45: 1 | CG45: 3 | CH45: 3 | CI45: 1
A46: AT-HHStA/MistelbachOCarm | B46: =SUM(C46:CF46) -> 3 | BZ46: 1 | CA46: 1 | CC46: 1
A47: AT-HHStA/TullnOP | B47: =SUM(C47:CF47) -> 74 | BH47: 1 | BJ47: 14 | BK47: 16 | BL47: 11 | BM47: 4 | BN47: 1 | BP47: 1 | BR47: 1 | BS47: 5 | BT47: 1 | BV47: 1 | BW47: 1 | BX47: 1 | CA47: 1 | CB47: 5 | CC47: 3 | CD47: 1 | CE47: 6 | CH47: 2 | CI47: 1 | CJ47: 1 | CM47: 1 | CN47: 1 | CQ47: 2 | CR47: 1 | CT47: 1 | CV47: 1 | CW47: 1 | CX47: 1 | DA47: 2 | DB47: 1 | DE47: 1
A48: AT-HHStA/FreudnitzOCart | B48: =SUM(C48:CF48) -> 0 | CR48: 1
A49: AT-HHStA/LindauCan | B49: =SUM(C49:CF49) -> 1 | R49: 1
A50: AT-HHStA/KirchbergCanReg | B50: =SUM(C50:CF50) -> 12 | BP50: 1 | BQ50: 1 | BR50: 1 | BS50: 2 | BU50: 1 | BV50: 1 | BW50: 2 | CB50: 2 | CC50: 1 | CG50: 1 | CI50: 1 | CJ50: 1 | CM50: 1 | CO50: 1 | CQ50: 2 | CT50: 2 | CU50: 1 | CV50: 2 | CW50: 3 | CY50: 1 | CZ50: 1 | DA50: 1 | DB50: 1 | DD50: 1
A51: AT-HHStA/WNOSPPE | B51: =SUM(C51:CF51) -> 27 | BI51: 1 | BO51: 1 | BR51: 1 | BS51: 5 | BU51: 2 | BX51: 6 | BY51: 1 | CB51: 3 | CC51: 1 | CD51: 2 | CE51: 2 | CF51: 2 | CG51: 1 | CH51: 1 | CO51: 1 | CT51: 2
A52: AT-HHStA/EberndorfCanReg | B52: =SUM(C52:CF52) -> 36 | AS52: 1 | BD52: 1 | BI52: 1 | BM52: 1 | BR52: 1 | BU52: 2 | BV52: 1 | BW52: 3 | BX52: 4 | BZ52: 1 | CA52: 3 | CB52: 2 | CD52: 7 | CE52: 6 | CF52: 2 | CJ52: 1 | CM52: 1 | CN52: 1 | CP52: 1
A53: AT-HHStA/SpitalamSemmeringCan | B53: =SUM(C53:CF53) -> 1 | BI53: 1
A54: AT-HHStA/WienKoeklOSCI | B54: =SUM(C54:CF54) -> 0 | CN54: 1 | CP54: 2 | CQ54: 9 | CR54: 19 | CS54: 9 | CT54: 2 | CU54: 1 | CV54: 3 | CW54: 1 | CY54: 3 | CZ54: 4 | DA54: 2 | DD54: 2 | DE54: 3 | DF54: 1 | DG54: 2 | DH54: 1
A55: AT-HHStA/WienStJakobCanReg | B55: =SUM(C55:CF55) -> 22 | BO55: 1 | BR55: 1 | BV55: 1 | BW55: 2 | BY55: 4 | BZ55: 4 | CA55: 1 | CB55: 4 | CC55: 2 | CE55: 2 | CG55: 1 | CO55: 2 | CP55: 2 | CS55: 1 | CT55: 1 | CU55: 2 | DE55: 1
A56: AT-HHStA/ZwettlOCist | B56: =SUM(C56:CF56) -> 1 | BR56: 1 | CI56: 3
A57: AT-HHStA/OssiachOSB | B57: =SUM(C57:CF57) -> 1 | BN57: 1
A58: AT-HHStA/WienOCarm | B58: =SUM(C58:CF58) -> 4 | BV58: 1 | BX58: 1 | CE58: 2 | CG58: 1 | CH58: 2 | CK58: 1 | CV58: 1 | CW58: 1
A59: AT-HHStA/SpitalamPyhrnCan | B59: =SUM(C59:CF59) -> 1 | BX59: 1
A60: AT-HHStA/FriesachOSA | B60: =SUM(C60:CF60) -> 1 | CF60: 1
A61: AT-HHStA/FuldeppOP | B61: =SUM(C61:CF61) -> 12 | BL61: 1 | BM61: 2 | BN61: 1 | BS61: 1 | BT61: 2 | BV61: 1 | BW61: 1 | BZ61: 1 | CC61: 1 | CD61: 1
A62: AT-HHStA/StPeterSchwwOSB | B62: =SUM(C62:CF62) -> 1 | AV62: 1
A63: AT-HHStA/TraunseeOSB | B63: =SUM(C63:CF63) -> 1 | Y63: 1
A64: AT-HHStA/MillstattOSB | B64: =SUM(C64:CF64) -> 672 | AT64: 2 | AV64: 4 | AW64: 1 | AZ64: 2 | BA64: 6 | BB64: 5 | BC64: 6 | BD64: 1 | BE64: 3 | BF64: 3 | BG64: 1 | BH64: 2 | BI64: 11 | BJ64: 18 | BK64: 14 | BL64: 8 | BM64: 8 | BN64: 19 | BO64: 12 | BP64: 25 | BQ64: 23 | BR64: 15 | BS64: 11 | BT64: 10 | BU64: 23 | BV64: 22 | BW64: 30 | BX64: 28 | BY64: 42 | BZ64: 52 | CA64: 68 | CB64: 56 | CC64: 33 | CD64: 29 | CE64: 42 | CF64: 37 | CG64: 14 | CH64: 25 | CI64: 11 | CJ64: 21 | CK64: 1 | CL64: 11 | CM64: 4 | CO64: 1
A65: AT-HHStA/PerneggOPraem | B65: =SUM(C65:CF65) -> 1 | BP65: 1
A66: AT-HHStA/WNOFMConv | B66: =SUM(C66:CF66) -> 6 | BP66: 1 | BW66: 1 | CB66: 2 | CC66: 1 | CF66: 1 | CG66: 1
A67: AT-HHStA/GoessOSB | B67: =SUM(C67:CF67) -> 11 | BA67: 1 | BH67: 1 | BI67: 1 | BK67: 2 | BT67: 2 | CB67: 2 | CF67: 2
A68: AT-HHStA/WNOCarm | B68: =SUM(C68:CF68) -> 3 | BV68: 1 | BX68: 1 | CE68: 1 | CG68: 1 | CH68: 2 | CK68: 1 | CV68: 1 | CW68: 1
A69: AT-HHStA/LeobenOP | B69: =SUM(C69:CF69) -> 3 | BK69: 1 | BL69: 1 | BM69: 1
A70: AT-HHStA/SticnaOCist | B70: =SUM(C70:CF70) -> 1 | BP70: 1
A71: AT-HHStA/NeubergOCist | B71: =SUM(C71:CF71) -> 2 | BV71: 1 | BX71: 1
A72: AT-HHStA/NiedernburgOSB | B72: =SUM(C72:CF72) -> 1 | BB72: 1
A73: AT-HHStA/WienOSA | B73: =SUM(C73:CF73) -> 8 | BO73: 1 | BP73: 1 | BR73: 1 | BU73: 1 | BY73: 1 | BZ73: 1 | CC73: 2
A74: AT-HHStA/WienOFM | B74: =SUM(C74:CF74) -> 0
A75: AT-HHStA/StAndraeOP | B75: =SUM(C75:CF75) -> 1 | BS75: 1 | CY75: 1 | DB75: 2 | DC75: 3 | DF75: 1
A76: AT-HHStA/GrazOFM | B76: =SUM(C76:CF76) -> 5 | BT76: 1 | CB76: 2 | CC76: 1 | CF76: 1 | CG76: 1
A77: AT-HHStA/WienOSBCam | B77: =SUM(C77:CF77) -> 0 | CT77: 2 | DB77: 2
A78: AT-HHStA/GoettweigOSB | B78: =SUM(C78:CF78) -> 1 | BW78: 1
A79: AT-HHStA/ObernburgOSB | B79: =SUM(C79:CF79) -> 4 | BD79: 1 | BL79: 1 | BR79: 1 | BS79: 1
A80: AT-HHStA/RegensburgOCarm | B80: =SUM(C80:CF80) -> 0 | CV80: 1
A81: AT-HHStA/ViktringOCist | B81: =SUM(C81:CF81) -> 11 | AV81: 1 | BA81: 2 | BC81: 1 | BE81: 1 | BF81: 1 | BG81: 1 | BH81: 1 | BQ81: 1 | BZ81: 1 | CD81: 1
A82: AT-HHStA/StGeorgenLOSB | B82: =SUM(C82:CF82) -> 1 | BH82: 1
A83: AT-HHStA/PulgarnCan | B83: =SUM(C83:CF83) -> 1 | BO83: 1
A84: AT-HHStA/MauerbachOCart | B84: =SUM(C84:CF84) -> 51 | BN84: 8 | BO84: 4 | BP84: 1 | BQ84: 1 | BR84: 6 | BS84: 4 | BT84: 4 | BV84: 3 | BW84: 5 | BX84: 4 | BY84: 3 | BZ84: 3 | CA84: 3 | CB84: 1 | CD84: 1 | CG84: 1 | CJ84: 3 | CW84: 2 | CX84: 1
A85: AT-HHStA/WienStNikolaOSCI | B85: =SUM(C85:CF85) -> 1 | BS85: 1 | CS85: 2 | CT85: 1 | CU85: 1 | CV85: 1 | DD85: 1
A86: AT-HHStA/ReinOCist | B86: =SUM(C86:CF86) -> 1 | CE86: 1
A87: AT-HHStA/TegernseeOSB | B87: =SUM(C87:CF87) -> 1 | CB87: 1
A88: AT-HHStA/WienOP | B88: =SUM(C88:CF88) -> 7 | BJ88: 1 | BV88: 1 | BW88: 2 | BY88: 1 | BZ88: 1 | CE88: 1
A89: AT-HHStA/AdmontOSB | B89: =SUM(C89:CF89) -> 1 | BY89: 1 | CG89: 1 | CM89: 2
A90: AT-HHStA/ChiemseeUnsereLiebeFrau | B90: =SUM(C90:CF90) -> 1 | CB90: 1
A91: AT-HHStA/GleinkOSB | B91: =SUM(C91:CF91) -> 1 | BY91: 1
A92: AT-HHStA/PtujOP | B92: =SUM(C92:CF92) -> 5 | BF92: 1 | BG92: 2 | BI92: 1 | CB92: 1
A93: AT-HHStA/WienOFMConv | B93: =SUM(C93:CF93) -> 1 | CD93: 1 | CH93: 1
A94: AT-HHStA/StPaulOSB | B94: =SUM(C94:CF94) -> 741 | AR94: 1 | AS94: 1 | AT94: 1 | AV94: 2 | AW94: 4 | AX94: 6 | AY94: 3 | AZ94: 8 | BA94: 9 | BB94: 8 | BC94: 6 | BD94: 6 | BE94: 9 | BF94: 9 | BG94: 26 | BH94: 25 | BI94: 12 | BJ94: 12 | BK94: 11 | BL94: 10 | BM94: 28 | BN94: 20 | BO94: 20 | BP94: 17 | BQ94: 6 | BR94: 13 | BS94: 23 | BT94: 18 | BU94: 23 | BV94: 29 | BW94: 23 | BX94: 21 | BY94: 27 | BZ94: 51 | CA94: 52 | CB94: 56 | CC94: 30 | CD94: 42 | CE94: 45 | CF94: 28 | CG94: 5 | CH94: 2 | CJ94: 1 | CN94: 2 | CO94: 4 | CP94: 1 | CR94: 4 | CS94: 2 | CT94: 3 | CV94: 2 | CW94: 1
A95: AT-HHStA/ZatecOFMConv | B95: =SUM(C95:CF95) -> 1 | BT95: 1
A96: AT-HHStA/ZiceOCar | B96: =SUM(C96:CF96) -> 1 | BF96: 1
A97: AT-HHStA/WNOP | B97: =SUM(C97:CF97) -> 30 | BP97: 1 | BR97: 1 | BS97: 5 | BV97: 3 | BW97: 1 | BX97: 1 | BZ97: 1 | CA97: 3 | CB97: 2 | CC97: 5 | CD97: 3 | CE97: 1 | CF97: 3 | CG97: 4 | CH97: 2 | CI97: 1
A98: AT-HHStA/BistraOCart | B98: =SUM(C98:CF98) -> 32 | BH98: 8 | BI98: 5 | BK98: 4 | BL98: 1 | BM98: 2 | BN98: 1 | BR98: 4 | BS98: 2 | BZ98: 1 | CB98: 3 | CD98: 1
A99: AT-HHStA/WienOM | B99: =SUM(C99:CF99) -> 0 | CV99: 1
A100: AT-HHStA/OSPPE | B100: =SUM(C100:CF100) -> 10 | BR100: 1 | BS100: 2 | BX100: 7 | CP100: 1 | CU100: 2 | CW100: 2
...

Sheet Dekaden
A1: Jahrzehnt | B1: 0 | C1: 16 | D1: 18 | E1: 47 | F1: 50 | G1: 64 | H1: 75 | I1: 76 | J1: 77 | K1: 78 | L1: 79 | M1: 80 | N1: 81 | O1: 82 | P1: 83 | Q1: 84 | R1: 85 | S1: 86 | T1: 87 | U1: 88 | V1: 89 | W1: 90 | X1: 91 | Y1: 92 | Z1: 93 | AA1: 94 | AB1: 95 | AC1: 96 | AD1: 97 | AE1: 98 | AF1: 99 | AG1: 100 | AH1: 101 | AI1: 102 | AJ1: 103 | AK1: 104 | AL1: 105 | AM1: 106 | AN1: 107 | AO1: 108 | AP1: 109 | AQ1: 110 | AR1: 111 | AS1: 112 | AT1: 113 | AU1: 114 | AV1: 115 | AW1: 116 | AX1: 117 | AY1: 118 | AZ1: 119 | BA1: 120 | BB1: 121 | BC1: 122 | BD1: 123 | BE1: 124 | BF1: 125 | BG1: 126 | BH1: 127 | BI1: 128 | BJ1: 129 | BK1: 130 | BL1: 131 | BM1: 132 | BN1: 133 | BO1: 134 | BP1: 135 | BQ1: 136 | BR1: 137 | BS1: 138 | BT1: 139 | BU1: 140 | BV1: 141 | BW1: 142 | BX1: 143 | BY1: 144 | BZ1: 145 | CA1: 146 | CB1: 147 | CC1: 148 | CD1: 149 | CE1: 150 | CF1: 151 | CG1: 152 | CH1: 153 | CI1: 154 | CJ1: 155 | CK1: 156 | CL1: 157 | CM1: 158 | CN1: 159 | CO1: 160 | CP1: 161 | CQ1: 162 | CR1: 163 | CS1: 164 | CT1: 165 | CU1: 166 | CV1: 167 | CW1: 168 | CX1: 169 | CY1: 170 | CZ1: 171 | DA1: 172 | DB1: 173 | DC1: 174 | DD1: 175 | DE1: 176 | DF1: 177 | DG1: 178 | DH1: 179 | DI1: 180 | DJ1: 181 | DK1: 182 | DL1: 183 | DM1: 184 | DN1: 185 | DO1: 186 | DP1: 187 | DQ1: 188 | DR1: 189 | DS1: 190 | DT1: 191 | DU1: 192 | DV1: 193 | DW1: 194 | DX1: 195 | DY1: 196 | DZ1: 197 | EA1: 198 | EB1: 199 | EC1: 200 | ED1: 201 | EE1: 241 | EF1: 1000
A2: Urkunden in Klöstern | B2: 1 | C2: 1 | E2: 2 | H2: 1 | I2: 1 | J2: 3 | K2: 7 | L2: 3 | M2: 1 | N2: 4 | O2: 2 | P2: 7 | Q2: 4 | R2: 4 | S2: 8 | T2: 1 | U2: 7 | V2: 5 | W2: 9 | X2: 6 | Y2: 4 | Z2: 1 | AA2: 7 | AB2: 4 | AC2: 11 | AD2: 20 | AE2: 17 | AF2: 39 | AG2: 59 | AH2: 88 | AI2: 63 | AJ2: 67 | AK2: 113 | AL2: 120 | AM2: 147 | AN2: 299 | AO2: 396 | AP2: 415 | AQ2: 425 | AR2: 251 | AS2: 289 | AT2: 293 | AU2: 374 | AV2: 439 | AW2: 336 | AX2: 329 | AY2: 491 | AZ2: 543 | BA2: 780 | BB2: 758 | BC2: 859 | BD2: 1155 | BE2: 1211 | BF2: 1317 | BG2: 1773 | BH2: 1670 | BI2: 2031 | BJ2: 2413 | BK2: 3205 | BL2: 3176 | BM2: 3765 | BN2: 3969 | BO2: 4382 | BP2: 3989 | BQ2: 3431 | BR2: 3447 | BS2: 3719 | BT2: 3591 | BU2: 3275 | BV2: 2942 | BW2: 2865 | BX2: 2796 | BY2: 3266 | BZ2: 3827 | CA2: 3876 | CB2: 4053 | CC2: 3797 | CD2: 3826 | CE2: 3450 | CF2: 2597 | CG2: 2832 | CH2: 2316 | CI2: 2234 | CJ2: 1846 | CK2: 1907 | CL2: 1854 | CM2: 1571 | CN2: 2028 | CO2: 1682 | CP2: 1553 | CQ2: 1794 | CR2: 1376 | CS2: 1373 | CT2: 1275 | CU2: 1193 | CV2: 1190 | CW2: 1122 | CX2: 975 | CY2: 896 | CZ2: 777 | DA2: 761 | DB2: 775 | DC2: 821 | DD2: 685 | DE2: 546 | DF2: 544 | DG2: 463 | DH2: 431 | DI2: 304 | DJ2: 161 | DK2: 68 | DL2: 55 | DM2: 74 | DN2: 66 | DO2: 34 | DP2: 37 | DQ2: 26 | DR2: 27 | DS2: 31 | DT2: 33 | DU2: 7 | DV2: 4 | DW2: 2 | DX2: 7 | DY2: 3 | DZ2: 4 | EA2: 3 | EB2: 2 | EE2: 859 | EF2: 859
A3: ES-AHN/MonasterioSantaMariaMelon | B3: =SUM(C3:CF3) -> 883 | AD3: 1 | AH3: 1 | AR3: 5 | AS3: 3 | AT3: 1 | AU3: 1 | AW3: 2 | AX3: 10 | AY3: 7 | AZ3: 4 | BA3: 7 | BB3: 23 | BC3: 7 | BD3: 11 | BE3: 34 | BF3: 40 | BG3: 63 | BH3: 77 | BI3: 35 | BJ3: 24 | BK3: 43 | BL3: 52 | BM3: 28 | BN3: 39 | BO3: 36 | BP3: 24 | BQ3: 21 | BR3: 27 | BS3: 24 | BT3: 41 | BU3: 21 | BV3: 41 | BW3: 30 | BX3: 19 | BY3: 20 | BZ3: 10 | CA3: 6 | CB3: 5 | CC3: 8 | CD3: 10 | CE3: 10 | CF3: 12 | CG3: 11 | CH3: 4 | CI3: 1 | CJ3: 2 | CN3: 1 | CO3: 1 | DB3: 1
A4: IT-ASFi/DNFirenzeSFrediano | B4: =SUM(C4:CF4) -> 2154 | P4: 1 | X4: 1 | AI4: 1 | AJ4: 2 | AK4: 1 | AL4: 1 | AM4: 3 | AO4: 1 | AP4: 2 | AQ4: 9 | AR4: 17 | AS4: 5 | AT4: 6 | AU4: 6 | AV4: 7 | AW4: 5 | AX4: 6 | AY4: 4 | AZ4: 9 | BA4: 9 | BB4: 27 | BC4: 17 | BD4: 27 | BE4: 44 | BF4: 74 | BG4: 73 | BH4: 65 | BI4: 53 | BJ4: 43 | BK4: 69 | BL4: 143 | BM4: 175 | BN4: 267 | BO4: 278 | BP4: 221 | BQ4: 169 | BR4: 69 | BS4: 85 | BT4: 78 | BU4: 58 | BV4: 23
A5: DE-BayHStA/KUPassauStNikola | B5: =SUM(C5:CF5) -> 2280 | AO5: 7 | AP5: 1 | AR5: 1 | AS5: 1 | AT5: 1 | AU5: 1 | AV5: 3 | AY5: 1 | BA5: 1 | BB5: 3 | BC5: 1 | BD5: 4 | BE5: 5 | BF5: 11 | BG5: 5 | BH5: 11 | BI5: 3 | BJ5: 15 | BK5: 13 | BL5: 16 | BM5: 19 | BN5: 50 | BO5: 46 | BP5: 68 | BQ5: 49 | BR5: 26 | BS5: 38 | BT5: 50 | BU5: 42 | BV5: 121 | BW5: 110 | BX5: 128 | BY5: 201 | BZ5: 196 | CA5: 142 | CB5: 133 | CC5: 243 | CD5: 177 | CE5: 197 | CF5: 140 | CG5: 130 | CH5: 256 | CI5: 254 | CJ5: 216 | CK5: 187 | CL5: 175 | CM5: 155 | CN5: 77 | CO5: 427 | CP5: 164 | CQ5: 210 | CR5: 261 | CS5: 171 | CT5: 123 | CU5: 91 | CV5: 45 | CW5: 45 | CX5: 26 | CY5: 16 | CZ5: 13 | DA5: 14 | DB5: 14 | DC5: 12 | DD5: 13 | DE5: 3 | DF5: 18 | DG5: 34 | DH5: 19 | DI5: 13 | DJ5: 6
A6: DE-BayHStA/KURegensburgStEmmeram | B6: =SUM(C6:CF6) -> 2594 | M6: 1 | Q6: 3 | R6: 2 | S6: 2 | T6: 1 | U6: 1 | V6: 4 | W6: 2 | X6: 5 | Y6: 2 | Z6: 1 | AB6: 1 | AD6: 2 | AF6: 6 | AJ6: 5 | AM6: 1 | AX6: 1 | BA6: 1 | BB6: 1 | BC6: 1 | BE6: 9 | BF6: 6 | BG6: 9 | BH6: 17 | BI6: 30 | BJ6: 13 | BK6: 25 | BL6: 30 | BM6: 28 | BN6: 50 | BO6: 84 | BP6: 62 | BQ6: 74 | BR6: 71 | BS6: 91 | BT6: 104 | BU6: 147 | BV6: 158 | BW6: 130 | BX6: 117 | BY6: 114 | BZ6: 96 | CA6: 135 | CB6: 173 | CC6: 205 | CD6: 168 | CE6: 245 | CF6: 160 | CG6: 137 | CH6: 181 | CI6: 151 | CJ6: 145 | CK6: 157 | CL6: 140 | CM6: 121 | CN6: 90 | CO6: 84 | CP6: 69 | CQ6: 86 | CR6: 98 | CS6: 45 | CT6: 56 | CU6: 47 | CV6: 88 | CW6: 50 | CX6: 40 | CY6: 41 | CZ6: 38 | DA6: 27 | DB6: 34 | DC6: 31 | DD6: 26 | DE6: 23 | DF6: 21 | DG6: 7 | DH6: 4 | DI6: 6 | DJ6: 1
A8: Total Archive | B8: 1 | C8: 1 | D8: 1 | E8: 2 | F8: 1 | G8: 1 | H8: 1 | I8: 2 | J8: 7 | K8: 18 | L8: 4 | M8: 4 | N8: 4 | O8: 4 | P8: 9 | Q8: 12 | R8: 5 | S8: 10 | T8: 1 | U8: 13 | V8: 19 | W8: 15 | X8: 9 | Y8: 6 | Z8: 4 | AA8: 11 | AB8: 14 | AC8: 22 | AD8: 45 | AE8: 40 | AF8: 55 | AG8: 101 | AH8: 145 | AI8: 134 | AJ8: 171 | AK8: 237 | AL8: 205 | AM8: 246 | AN8: 432 | AO8: 608 | AP8: 597 | AQ8: 643 | AR8: 466 | AS8: 432 | AT8: 474 | AU8: 591 | AV8: 657 | AW8: 540 | AX8: 537 | AY8: 764 | AZ8: 880 | BA8: 1399 | BB8: 1404 | BC8: 2000 | BD8: 2355 | BE8: 2762 | BF8: 3341 | BG8: 4317 | BH8: 4243 | BI8: 5300 | BJ8: 6177 | BK8: 8170 | BL8: 7952 | BM8: 10296 | BN8: 12274 | BO8: 15276 | BP8: 15419 | BQ8: 16467 | BR8: 16466 | BS8: 17749 | BT8: 16958 | BU8: 13937 | BV8: 15324 | BW8: 14270 | BX8: 13480 | BY8: 14850 | BZ8: 16560 | CA8: 15321 | CB8: 16556 | CC8: 15542 | CD8: 15179 | CE8: 15822 | CF8: 15345 | CG8: 16796 | CH8: 7890 | CI8: 5757 | CJ8: 5826 | CK8: 5843 | CL8: 5855 | CM8: 4780 | CN8: 5294 | CO8: 4881 | CP8: 4932 | CQ8: 4782 | CR8: 3796 | CS8: 3608 | CT8: 3370 | CU8: 3262 | CV8: 3428 | CW8: 3032 | CX8: 2801 | CY8: 2614 | CZ8: 2315 | DA8: 2358 | DB8: 2661 | DC8: 2636 | DD8: 2732 | DE8: 2040 | DF8: 1682 | DG8: 1498 | DH8: 1208 | DI8: 876 | DJ8: 436 | DK8: 288 | DL8: 239 | DM8: 394 | DN8: 204 | DO8: 214 | DP8: 194 | DQ8: 159 | DR8: 177 | DS8: 129 | DT8: 106 | DU8: 77 | DV8: 39 | DW8: 62 | DX8: 46 | DY8: 61 | DZ8: 54 | EA8: 27 | EB8: 37 | EC8: 14 | ED8: 5 | EE8: 1 | EF8: 7874

Sheet CountByDecadeBefore1200
A1: fondsid | C1: 0 | D1: 16 | E1: 18 | F1: 47 | G1: 50 | H1: 64 | I1: 75 | J1: 76 | K1: 77 | L1: 78 | M1: 79 | N1: 80 | O1: 81 | P1: 82 | Q1: 83 | R1: 84 | S1: 85 | T1: 86 | U1: 87 | V1: 88 | W1: 89 | X1: 90 | Y1: 91 | Z1: 92 | AA1: 93 | AB1: 94 | AC1: 95 | AD1: 96 | AE1: 97 | AF1: 98 | AG1: 99 | AH1: 100 | AI1: 101 | AJ1: 102 | AK1: 103 | AL1: 104 | AM1: 105 | AN1: 106 | AO1: 107 | AP1: 108 | AQ1: 109 | AR1: 110 | AS1: 111 | AT1: 112 | AU1: 113 | AV1: 114 | AW1: 115 | AX1: 116 | AY1: 117 | AZ1: 118 | BA1: 119 | BB1: 120
A2: AT-HHStA/WiltenOPraem | B2: =SUM(C2:BB2) -> 1 | BA2: 1
A3: AT-HHStA/SeckauCanReg | B3: =SUM(C3:BB3) -> 10 | AY3: 4 | AZ3: 2 | BA3: 1 | BB3: 3
A4: AT-HHStA/BerchtesgadenCanReg | B4: =SUM(C4:BB4) -> 1 | BB4: 1
A5: AT-HHStA/LindauCan | B5: =SUM(C5:BB5) -> 1 | R5: 1
A6: AT-HHStA/EberndorfCanReg | B6: =SUM(C6:BB6) -> 1 | AS6: 1
A7: AT-HHStA/StPeterSchwwOSB | B7: =SUM(C7:BB7) -> 1 | AV7: 1
A8: AT-HHStA/TraunseeOSB | B8: =SUM(C8:BB8) -> 1 | Y8: 1
A9: AT-HHStA/MillstattOSB | B9: =SUM(C9:BB9) -> 20 | AT9: 2 | AV9: 4 | AW9: 1 | AZ9: 2 | BA9: 6 | BB9: 5
A10: AT-HHStA/GoessOSB | B10: =SUM(C10:BB10) -> 1 | BA10: 1
A11: AT-HHStA/NiedernburgOSB | B11: =SUM(C11:BB11) -> 1 | BB11: 1
A12: AT-HHStA/ViktringOCist | B12: =SUM(C12:BB12) -> 3 | AV12: 1 | BA12: 2
A13: AT-HHStA/StPaulOSB | B13: =SUM(C13:BB13) -> 43 | AR13: 1 | AS13: 1 | AT13: 1 | AV13: 2 | AW13: 4 | AX13: 6 | AY13: 3 | AZ13: 8 | BA13: 9 | BB13: 8
A14: AT-OOeLA/SpitalamPyhrnCan | B14: =SUM(C14:BB14) -> 13 | BA14: 8 | BB14: 5
A15: AT-OOeLA/TraunkirchenOSB | B15: =SUM(C15:BB15) -> 2 | AZ15: 1 | BA15: 1
A16: AT-OOeLA/MondseeOSB | B16: =SUM(C16:BB16) -> 8 | AR16: 1 | AS16: 1 | AU16: 1 | AV16: 2 | AZ16: 2 | BA16: 1
A17: AT-OOeLA/SubenCanReg | B17: =SUM(C17:BB17) -> 3 | AV17: 1 | AW17: 2
A18: AT-StiAA/Urkunden | B18: =SUM(C18:BB18) -> 1 | AV18: 1
A19: AT-StiAAdm/Urkunden | B19: =SUM(C19:BB19) -> 73 | AI19: 1 | AQ19: 1 | AR19: 1 | AU19: 1 | AV19: 9 | AW19: 5 | AX19: 4 | AY19: 12 | AZ19: 2 | BA19: 15 | BB19: 22
A20: AT-StiAFiecht/Urkunden | B20: =SUM(C20:BB20) -> 13 | AH20: 1 | AR20: 1 | AT20: 1 | AV20: 5 | AZ20: 2 | BB20: 3
A21: AT-StiAG/GoettweigOSB | B21: =SUM(C21:BB21) -> 3 | AQ21: 1 | AR21: 2
A22: AT-StiAGe/Urkunden | B22: =SUM(C22:BB22) -> 1 | BA22: 1
A23: AT-StiAHe/HerzogenburgCanReg | B23: =SUM(C23:BB23) -> 21 | AS23: 2 | AT23: 3 | AW23: 1 | AX23: 2 | AZ23: 3 | BA23: 8 | BB23: 2
A24: AT-StiAK/KlosterneuburgCanReg | B24: =SUM(C24:BB24) -> 2 | AH24: 1 | AL24: 1
A25: AT-StiAL/LambachOSB | B25: =SUM(C25:BB25) -> 29 | AG25: 2 | AK25: 1 | AL25: 1 | AN25: 4 | AO25: 1 | AQ25: 3 | AR25: 3 | AS25: 2 | AT25: 2 | AX25: 5 | AY25: 2 | AZ25: 3
A26: AT-StiAM/MelkOSB | B26: =SUM(C26:BB26) -> 1 | AZ26: 1
A27: AT-StiAMB/MbOSB | B27: =SUM(C27:BB27) -> 4 | AO27: 1 | AV27: 2 | AZ27: 1
A28: AT-StiAMt/MattseeCan | B28: =SUM(C28:BB28) -> 5 | T28: 1 | AT28: 1 | AW28: 2 | BB28: 1
A29: AT-StiAR/ReichersbergCanReg | B29: =SUM(C29:BB29) -> 41 | AV29: 8 | AW29: 7 | AX29: 13 | AY29: 3 | AZ29: 2 | BA29: 1 | BB29: 7
A30: AT-StiARein/ReinOCist | B30: =SUM(C30:BB30) -> 24 | C30: 1 | AU30: 2 | AV30: 6 | AW30: 7 | AX30: 3 | AY30: 1 | AZ30: 1 | BA30: 1 | BB30: 2
A31: AT-StiASchl/Urkunden | B31: =SUM(C31:BB31) -> 1 | BB31: 1
A32: AT-StiASei/SeitenstettenOSB | B32: =SUM(C32:BB32) -> 23 | AS32: 1 | AT32: 1 | AV32: 1 | AX32: 3 | AZ32: 3 | BA32: 8 | BB32: 6
A33: AT-StiASF/StFlorianCanReg | B33: =SUM(C33:BB33) -> 1 | AH33: 1
A34: AT-StiASP/Urkunden | B34: =SUM(C34:BB34) -> 34 | AI34: 1 | AU34: 3 | AV34: 6 | AW34: 9 | AX34: 6 | BA34: 4 | BB34: 5
A35: AT-StiAStP/BlUKVariaEcclesiastica | B35: =SUM(C35:BB35) -> 3 | AT35: 2 | AY35: 1
A36: AT-StiAStP/UK | B36: =SUM(C36:BB36) -> 20 | AR36: 1 | AT36: 1 | AV36: 2 | AW36: 3 | AX36: 1 | AY36: 1 | AZ36: 6 | BA36: 2 | BB36: 3
A37: AT-StiAStP/BlUKHirsau | B37: =SUM(C37:BB37) -> 1 | AR37: 1
A38: AT-StiAStP/BlUKBlaubeuren | B38: =SUM(C38:BB38) -> 3 | AR38: 1 | AW38: 2
A39: AT-StiAStP/BlUKLorch | B39: =SUM(C39:BB39) -> 3 | AR39: 1 | AV39: 1 | AW39: 1
A40: AT-StiAStP/BlUKMaulbronn | B40: =SUM(C40:BB40) -> 1 | AX40: 1
A41: AT-StiAStP/EUK | B41: =SUM(C41:BB41) -> 2 | AS41: 1 | AW41: 1
A42: AT-StiAStP/BlUKBebenhausen | B42: =SUM(C42:BB42) -> 1 | BA42: 1
A43: AT-StiAV/VorauCanReg | B43: =SUM(C43:BB43) -> 13 | AX43: 3 | AY43: 5 | AZ43: 2 | BA43: 3
A44: AT-StiAWilten/Urkunden | B44: =SUM(C44:BB44) -> 4 | AV44: 1 | AW44: 1 | AZ44: 2
A45: AT-VLA/MehrerauKl | B45: =SUM(C45:BB45) -> 3 | AV45: 1 | AY45: 1 | BB45: 1
A46: CH-StiASG/StiAPfae | B46: =SUM(C46:BB46) -> 15 | T46: 1 | V46: 1 | AC46: 1 | AE46: 3 | AK46: 1 | AL46: 1 | AO46: 1 | AS46: 1 | AT46: 1 | AU46: 2 | AV46: 1 | AX46: 1
A47: CH-StiASG/Urkunden | B47: =SUM(C47:BB47) -> 1 | AW47: 1
A48: CZ-MZA/E06 | B48: =SUM(C48:BB48) -> 3 | AM48: 2 | AY48: 1
A49: CZ-MZA/E55 | B49: =SUM(C49:BB49) -> 3 | BB49: 3
A50: CZ-NA/AZK%7CLitomysl | B50: =SUM(C50:BB50) -> 1 | AY50: 1
A51: CZ-NA/AZK%7CKladruby | B51: =SUM(C51:BB51) -> 6 | AT51: 2 | AZ51: 2 | BA51: 1 | BB51: 1
A52: CZ-SOAP/TeplaOPraem | B52: =SUM(C52:BB52) -> 8 | BB52: 8
A53: DE-BAH/UrkStMi | B53: =SUM(C53:BB53) -> 7 | AH53: 1 | AV53: 1 | AX53: 1 | BB53: 4
A54: DE-BayHStA/KURohr | B54: =SUM(C54:BB54) -> 5 | AU54: 1 | AV54: 1 | AW54: 2 | AX54: 1
A55: DE-BayHStA/KUFrauenchiemsee | B55: =SUM(C55:BB55) -> 6 | D55: 1 | F55: 2 | AV55: 1 | AW55: 1 | BB55: 1
A56: DE-BayHStA/KUFormbach | B56: =SUM(C56:BB56) -> 15 | AS56: 1 | AT56: 1 | AU56: 1 | AV56: 3 | AW56: 2 | AZ56: 2 | BA56: 2 | BB56: 3
A57: DE-BayHStA/KUPassauStNikola | B57: =SUM(C57:BB57) -> 20 | AO57: 7 | AP57: 1 | AR57: 1 | AS57: 1 | AT57: 1 | AU57: 1 | AV57: 3 | AY57: 1 | BA57: 1 | BB57: 3
A58: DE-BayHStA/KURaitenhaslach | B58: =SUM(C58:BB58) -> 1 | BB58: 1
A59: DE-BayHStA/KUAldersbach | B59: =SUM(C59:BB59) -> 12 | AV59: 3 | AW59: 1 | AX59: 1 | AZ59: 2 | BA59: 3 | BB59: 2
A60: DE-BayHStA/KURegensburgStEmmeram | B60: =SUM(C60:BB60) -> 42 | M60: 1 | Q60: 3 | R60: 2 | S60: 2 | T60: 1 | U60: 1 | V60: 4 | W60: 2 | X60: 5 | Y60: 2 | Z60: 1 | AB60: 1 | AD60: 2 | AF60: 6 | AJ60: 5 | AM60: 1 | AX60: 1 | BA60: 1 | BB60: 1
A61: DE-BayHStA/KUNiederaltaich | B61: =SUM(C61:BB61) -> 38 | M61: 1 | O61: 1 | P61: 1 | Q61: 2 | R61: 1 | S61: 2 | T61: 5 | V61: 1 | W61: 1 | X61: 1 | Y61: 2 | AH61: 1 | AI61: 4 | AK61: 1 | AL61: 2 | AM61: 4 | AO61: 1 | AP61: 1 | AW61: 5 | BB61: 1
A62: DE-BayHStA/KUPassauNiedernburg | B62: =SUM(C62:BB62) -> 8 | AI62: 3 | AQ62: 1 | BB62: 4
A63: DE-GLAK/GLAK_34 | B63: =SUM(C63:BB63) -> 2 | BB63: 2
A64: DE-HStAMa/urk77 | B64: =SUM(C64:BB64) -> 13 | AV64: 1 | AX64: 1 | AY64: 3 | AZ64: 1 | BA64: 5 | BB64: 2
A65: DE-HStASt/HStASt_A502 | B65: =SUM(C65:BB65) -> 13 | AW65: 3 | AX65: 3 | AZ65: 2 | BA65: 2 | BB65: 3
A66: DE-LHAKO/164 | B66: =SUM(C66:BB66) -> 9 | AX66: 3 | AY66: 1 | AZ66: 2 | BA66: 2 | BB66: 1
A67: DE-LHAKO/128 | B67: =SUM(C67:BB67) -> 32 | AQ67: 2 | AS67: 2 | AV67: 3 | AW67: 7 | AX67: 4 | AY67: 1 | AZ67: 5 | BA67: 2 | BB67: 6
A68: DE-LHAKO/210 | B68: =SUM(C68:BB68) -> 41 | AL68: 2 | AM68: 3 | AN68: 2 | AP68: 1 | AR68: 1 | AS68: 3 | AT68: 1 | AU68: 1 | AW68: 3 | AX68: 2 | AY68: 2 | AZ68: 2 | BA68: 5 | BB68: 13
A69: DE-StAAm/Weissenohe | B69: =SUM(C69:BB69) -> 7 | AS69: 2 | AV69: 1 | AW69: 2 | AY69: 1 | BB69: 1
A70: DE-StAAm/EnsdorfOSB | B70: =SUM(C70:BB70) -> 5 | AT70: 2 | AV70: 1 | BB70: 2
A71: DE-StABa/Langheim | B71: =SUM(C71:BB71) -> 25 | AW71: 8 | AX71: 3 | AY71: 1 | AZ71: 10 | BA71: 3
A72: DE-StAW/EbrachOCist | B72: =SUM(C72:BB72) -> 1 | BA72: 1
A73: DE-StAW/StAlbanCan | B73: =SUM(C73:BB73) -> 21 | AI73: 1 | AQ73: 1 | AR73: 5 | AS73: 1 | AU73: 1 | AV73: 5 | AW73: 4 | AZ73: 2 | BA73: 1
A74: DE-StAW/Neumuenster | B74: =SUM(C74:BB74) -> 53 | AM74: 1 | AQ74: 1 | AU74: 2 | AV74: 5 | AW74: 8 | AX74: 6 | AY74: 8 | AZ74: 8 | BA74: 8 | BB74: 6
A75: DE-StAW/Seligenstadt | B75: =SUM(C75:BB75) -> 1 | AV75: 1
A76: DE-UAHD/ZellStift | B76: =SUM(C76:BB76) -> 1 | AZ76: 1
A77: ES-AHN/SantaMariadeArmenteira | B77: =SUM(C77:BB77) -> 95 | AR77: 9 | AW77: 2 | AX77: 12 | AY77: 10 | AZ77: 8 | BA77: 11 | BB77: 43
A78: ES-AHN/MonasterioSanSalvadordeLerez | B78: =SUM(C78:BB78) -> 7 | W78: 1 | AU78: 1 | AV78: 2 | BB78: 3
A79: ES-AHN/MonasterioSanSalvadorDeSobrado | B79: =SUM(C79:BB79) -> 2 | AV79: 1 | BA79: 1
A80: ES-AHN/MonasterioSanPedrodeVilanovadeDozon | B80: =SUM(C80:BB80) -> 28 | AP80: 2 | AQ80: 1 | AR80: 7 | AS80: 2 | AT80: 1 | AU80: 1 | AV80: 1 | AW80: 4 | AX80: 2 | AY80: 3 | BA80: 1 | BB80: 3
A81: ES-AHN/MonasterioSantaMariadeOseira | B81: =SUM(C81:BB81) -> 83 | AK81: 2 | AO81: 2 | AP81: 1 | AQ81: 3 | AR81: 5 | AU81: 2 | AV81: 5 | AW81: 6 | AX81: 7 | AY81: 3 | AZ81: 9 | BA81: 10 | BB81: 28
A82: ES-AHN/MonasterioSantaMariaMelon | B82: =SUM(C82:BB82) -> 65 | AD82: 1 | AH82: 1 | AR82: 5 | AS82: 3 | AT82: 1 | AU82: 1 | AW82: 2 | AX82: 10 | AY82: 7 | AZ82: 4 | BA82: 7 | BB82: 23
A83: ES-AHN/SantaCombadeNaves | B83: =SUM(C83:BB83) -> 5 | AX83: 1 | AZ83: 1 | BA83: 2 | BB83: 1
A84: ES-AHN/MonasterioSantoEstevo | B84: =SUM(C84:BB84) -> 5 | Z84: 2 | AR84: 1 | AZ84: 1 | BB84: 1
A85: ES-AHN/MonasterioSantaMariaRibeira | B85: =SUM(C85:BB85) -> 1 | AQ85: 1
A86: ES-AHN/MonasterioSantaMariaSanClodio | B86: =SUM(C86:BB86) -> 1 | AR86: 1
A87: ES-AHN/MonasterioSanPedroRocas | B87: =SUM(C87:BB87) -> 11 | AI87: 3 | AV87: 1 | AW87: 3 | AX87: 1 | AZ87: 2 | BB87: 1
A88: ES-AHN/MonasterioSantaMariaMontederramo | B88: =SUM(C88:BB88) -> 19 | AT88: 4 | AU88: 3 | AV88: 2 | AW88: 2 | AX88: 2 | AY88: 2 | AZ88: 1 | BB88: 3
A89: ES-AHN/MonasterioSanLorenzodeCarboeiro | B89: =SUM(C89:BB89) -> 12 | AP89: 1 | AR89: 1 | AS89: 1 | AU89: 1 | AV89: 2 | AY89: 1 | AZ89: 1 | BA89: 1 | BB89: 3
A90: ES-AHN/MonasterioSanSalvadordeCelanova | B90: =SUM(C90:BB90) -> 7 | AC90: 1 | AL90: 1 | AV90: 2 | AW90: 1 | AX90: 1 | BB90: 1
A91: HR-DAZD/336 | B91: =SUM(C91:BB91) -> 3 | AG91: 1 | BB91: 2
A92: HU-MNL-DLINTI/SZEKKQ398 | B92: =SUM(C92:BB92) -> 2 | AP92: 1 | AZ92: 1
A93: HU-PBFL/TihanyOSB | B93: =SUM(C93:BB93) -> 4 | AN93: 2 | AR93: 1 | AZ93: 1
A94: HU-PBFL/PannHActa | B94: =SUM(C94:BB94) -> 1 | BB94: 1
A95: IT-ASFi/DNFirenzeSMiniato | B95: =SUM(C95:BB95) -> 106 | AD95: 1 | AI95: 1 | AJ95: 1 | AK95: 1 | AL95: 3 | AM95: 3 | AN95: 1 | AO95: 4 | AP95: 1 | AQ95: 1 | AR95: 6 | AS95: 4 | AT95: 5 | AU95: 7 | AV95: 7 | AW95: 7 | AX95: 8 | AY95: 15 | AZ95: 13 | BA95: 7 | BB95: 10
A96: IT-ASFi/DNFirenzeSCroce | B96: =SUM(C96:BB96) -> 3 | AZ96: 1 | BA96: 1 | BB96: 1
A97: IT-ASFi/DNPistoiaSMicheleNiccolao | B97: =SUM(C97:BB97) -> 1 | BA97: 1
A98: IT-ASFi/DNFirenzeSFelicita | B98: =SUM(C98:BB98) -> 48 | AL98: 1 | AM98: 1 | AN98: 5 | AO98: 3 | AP98: 6 | AQ98: 5 | AR98: 1 | AS98: 1 | AT98: 2 | AU98: 1 | AV98: 4 | AW98: 4 | AX98: 1 | AY98: 7 | AZ98: 3 | BA98: 1 | BB98: 2
A99: IT-ASFi/DNFirenzeSApollonia | B99: =SUM(C99:BB99) -> 69 | AG99: 1 | AJ99: 1 | AM99: 1 | AN99: 1 | AO99: 1 | AP99: 12 | AQ99: 11 | AR99: 3 | AS99: 3 | AT99: 2 | AU99: 2 | AV99: 1 | AW99: 6 | AX99: 5 | AY99: 6 | AZ99: 6 | BA99: 5 | BB99: 2
A100: IT-ASFi/DNGimignanoSMariaRomite | B100: =SUM(C100:BB100) -> 1 | BB100: 1
...
